Workbook

Sheet 合计数量
A2: 部位 | B2: 板厚 | C2: 单位 | D2: 图纸数量 | G2: 复核数量 | H2: 差异 | I2: 备注
D3: Q355 | E3: Q420 | F3: 合计
A4: 钢梁 | B4: 0.18 | C4: kg | F4: =D4+E4 -> 0 | G4: =SUMIFS(主梁数量!$J$4:$J$3777,主梁数量!$G$4:$G$3777,0.18) -> 0.01580072 | H4: =G4-F4 -> 0.01580072 | I4: 未完成:无来源页
B5: 4 | C5: kg | D5: 343.2 | E5: 107.3 | F5: =D5+E5 -> 450.5 | G5: =SUMIFS(主梁数量!$J$4:$J$3777,主梁数量!$G$4:$G$3777,4) -> 5981.4179 | H5: =G5-F5 -> 5530.9179 | I5: 来源页57,61,74,78,82,90,102,106,115,119,123,131,137,142,171,175,187,191,199,203,212,216,224,230
B6: 6 | C6: kg | F6: =D6+E6 -> 0 | G6: =SUMIFS(主梁数量!$J$4:$J$3777,主梁数量!$G$4:$G$3777,6) -> 4041.8695 | H6: =G6-F6 -> 4041.8695 | I6: 未完成:无来源页
B7: 8 | C7: kg | D7: 883.2 | F7: =D7+E7 -> 883.2 | G7: =SUMIFS(主梁数量!$J$4:$J$3777,主梁数量!$G$4:$G$3777,8) -> 825187.62 | H7: =G7-F7 -> 824304.42 | I7: 来源页82,106,123,175,191,199,203,216
B8: 10 | C8: kg | F8: =D8+E8 -> 0 | G8: =SUMIFS(主梁数量!$J$4:$J$3777,主梁数量!$G$4:$G$3777,10)+横隔板!N139 -> 78746.349 | H8: =G8-F8 -> 78746.349 | I8: 未完成:无来源页
B9: 12 | C9: kg | D9: 727.2 | F9: =D9+E9 -> 727.2 | G9: =SUMIFS(主梁数量!$J$4:$J$3777,主梁数量!$G$4:$G$3777,12)+横隔板!O139 -> 615901.45 | H9: =G9-F9 -> 615174.25 | I9: 来源页102,106,191
B10: 14 | C10: kg | D10: 34571.9 | E10: 1837.3 | F10: =D10+E10 -> 36409.2 | G10: =SUMIFS(主梁数量!$J$4:$J$3777,主梁数量!$G$4:$G$3777,14)+横隔板!P139 -> 3101000.1 | H10: =G10-F10 -> 3064590.9 | I10: 来源页57,61,74,78,90,102,106,115,119,123,131,137,142,171,175,187,203,212,216,224,230
B11: 16 | C11: kg | D11: 79775.9 | E11: 12789 | F11: =D11+E11 -> 92564.9 | G11: =SUMIFS(主梁数量!$J$4:$J$3777,主梁数量!$G$4:$G$3777,16)+横隔板!Q139 -> 268843.35 | H11: =G11-F11 -> 176278.45 | I11: 来源页53,57,61,74,78,82,90,102,106,115,119,123,131,137,142,158,171,175,187,199,203,212,216,224,230
B12: 20 | C12: kg | D12: 289469.5 | F12: =D12+E12 -> 289469.5 | G12: =SUMIFS(主梁数量!$J$4:$J$3777,主梁数量!$G$4:$G$3777,20)+横隔板!R139 -> 1171114.3 | H12: =G12-F12 -> 881644.83 | I12: 来源页53,57,61,82,90,102,106,123,131,137,142,158,175,187,191,199,203,216,224,230
B13: 24 | C13: kg | D13: 201691.3 | E13: 7296.3 | F13: =D13+E13 -> 208987.6 | G13: =SUMIFS(主梁数量!$J$4:$J$3777,主梁数量!$G$4:$G$3777,24)+横隔板!S139 -> 1442470.5 | H13: =G13-F13 -> 1233482.9 | I13: 来源页53,57,61,74,78,82,90,102,106,115,119,123,131,137,142,158,171,175,187,191,199,203,212,216,224,230
B14: 28 | C14: kg | D14: 56119.4 | E14: 8759.1 | F14: =D14+E14 -> 64878.5 | G14: =SUMIFS(主梁数量!$J$4:$J$3777,主梁数量!$G$4:$G$3777,28)+横隔板!T139 -> 175678.8 | H14: =G14-F14 -> 110800.3 | I14: 来源页53,74,78,82,90,102,106,115,123,137,142,158,171,175,187,191,199,203,212,216,230
B15: 30 | C15: kg | F15: =D15+E15 -> 0 | G15: =SUMIFS(主梁数量!$J$4:$J$3777,主梁数量!$G$4:$G$3777,30)+横隔板!U139 -> 2411.52 | H15: =G15-F15 -> 2411.52 | I15: 未完成:无来源页
B16: 32 | C16: kg | D16: 245506.8 | E16: 131358.3 | F16: =D16+E16 -> 376865.1 | G16: =SUMIFS(主梁数量!$J$4:$J$3777,主梁数量!$G$4:$G$3777,32) -> 892300.08 | H16: =G16-F16 -> 515434.98 | I16: 来源页53,57,61,74,78,82,90,102,106,115,119,123,131,137,142,158,171,175,187,199,203,212,216,224,230
B17: 36 | C17: kg | D17: 320751.9 | E17: 12558.6 | F17: =D17+E17 -> 333310.5 | G17: =SUMIFS(主梁数量!$J$4:$J$3777,主梁数量!$G$4:$G$3777,36) -> 643930.03 | H17: =G17-F17 -> 310619.53 | I17: 来源页57,61,74,78,82,90,102,106,115,119,123,131,137,142,171,175,187,191,199,203,212,216,224,230
B18: 40 | C18: kg | D18: 332927.5 | E18: 140254.1 | F18: =D18+E18 -> 473181.6 | G18: =SUMIFS(主梁数量!$J$4:$J$3777,主梁数量!$G$4:$G$3777,40)+横隔板!V139 -> 398336.65 | H18: =G18-F18 -> -74844.949 | I18: 来源页57,61,74,78,90,102,106,115,119,123,131,137,142,171,175,187,203,212,216,224,230
B19: 44 | C19: kg | D19: 64347.4 | E19: 122459.4 | F19: =D19+E19 -> 186806.8 | G19: =SUMIFS(主梁数量!$J$4:$J$3777,主梁数量!$G$4:$G$3777,44) -> 110023.5 | H19: =G19-F19 -> -76783.301 | I19: 来源页53,74,78,82,90,102,106,115,123,158,171,175,187,199,203,212,216
B20: 48 | C20: kg | D20: 0 | E20: 127179.6 | F20: =D20+E20 -> 127179.6 | G20: =SUMIFS(主梁数量!$J$4:$J$3777,主梁数量!$G$4:$G$3777,48) -> 150975.53 | H20: =G20-F20 -> 23795.928 | I20: 来源页74,78,106,115,119,171,203,212
B21: 50 | C21: kg | F21: =D21+E21 -> 0 | G21: =SUMIFS(主梁数量!$J$4:$J$3777,主梁数量!$G$4:$G$3777,50)+横隔板!W139 -> 10688.56 | H21: =G21-F21 -> 10688.56 | I21: 未完成:无来源页
B22: 60 | C22: kg | F22: =D22+E22 -> 0 | G22: =SUMIFS(主梁数量!$J$4:$J$3777,主梁数量!$G$4:$G$3777,60) -> 12202.951 | H22: =G22-F22 -> 12202.951 | I22: 未完成:无来源页
B23: 80 | C23: kg | D23: 4069.4 | E23: 4659.8 | F23: =D23+E23 -> 8729.2 | G23: =SUMIFS(主梁数量!$J$4:$J$3777,主梁数量!$G$4:$G$3777,80) -> 9319.52 | H23: =G23-F23 -> 590.32 | I23: 来源页115,137,230
B24: 100 | C24: kg | D24: 2543.4 | E24: 0 | F24: =D24+E24 -> 2543.4 | G24: =SUMIFS(主梁数量!$J$4:$J$3777,主梁数量!$G$4:$G$3777,100) -> 11649.4 | H24: =G24-F24 -> 9106 | I24: 来源页74,142
A25: 梁底挡块 | B25: 20 | C25: kg | F25: 7638.4 | G25: =梁底挡块!F8 -> 7639.68 | H25: =G25-F25 -> 1.28
A26: 钢梁制造合计 | C26: kg | F26: =SUM(F4:F25) -> 2210625.2 | G26: =SUM(G4:G25) -> 9938443.3 | H26: =G26-F26 -> 7727818.1
A27: 附属预埋 | B27: 护栏 | C27: kg | F27: 588.9 | G27: 0 | H27: =G27-F27 -> -588.9 | I27: 属于伸缩缝出护栏挡板，与混凝土护栏浇筑标段有冲突，待确认
B28: 排水 | C28: kg | F28: =7835.2 -> 7835.2 | G28: =附属预埋件!F11 -> 7836 | H28: =G28-F28 -> 0.8

Sheet 主梁数量
A2: 梁板编号 | B2: 板件名称 | C2: 位置 | D2: 材质 | E2: 长 | F2: 宽 | G2: 厚 | H2: 单件重 | I2: 数量 | J2: 合计重量 | K2: 备注 | L2: 梁板编号 | M2: 复核数量 | U2: 图纸数量 | V2: 差异 | W2: 备注
E3: mm | F3: mm | G3: mm | H3: kg | J3: kg | M3: 12 | N3: 14 | O3: 16 | P3: 20 | Q3: 24 | R3: 30 | S3: 40 | T3: 合计
A4: P1 | C4: 节段1~节段2 | D4: Q355D | E4: 1020 | F4: 1800 | G4: 16 | H4: =(E4/1000)*(F4/1000)*(G4/1000)*7850 -> 230.6016 | I4: 2 | J4: =H4*I4 -> 461.2032 | K4: 来源页52 | L4: =A4 -> P1 | M4: =SUMIF(G4:G31,$M$3,J4:J31) -> 0 | N4: =SUMIF(G4:G31,$N$3,J4:J31) -> 0 | O4: =SUMIF(G4:G31,$O$3,J4:J31) -> 2868.4026 | P4: =SUMIF(G4:G31,$P$3,J4:J31) -> 12008.819 | Q4: =SUMIF(G4:G31,$Q$3,J4:J31) -> 1542.7699 | R4: =SUMIF(G4:G31,$R$3,J4:J31) -> 0 | S4: =SUMIF(G4:G31,$S$3,J4:J31) -> 0 | T4: =SUM(M4:S32) -> 16419.992 | U4: 142867.8 | V4: =T4-U4 -> -126447.81
C5: 节段1~节段2 | D5: Q355D | E5: 1020 | F5: 500 | G5: 16 | H5: =(E5/1000)*(F5/1000)*(G5/1000)*7850 -> 64.056 | I5: 2 | J5: =H5*I5 -> 128.112 | K5: 来源页52
C6: 节段1~节段2 | D6: Q355D | E6: 1020 | F6: 500 | G6: 16 | H6: =(E6/1000)*(F6/1000)*(G6/1000)*7850 -> 64.056 | I6: 2 | J6: =H6*I6 -> 128.112 | K6: 来源页52
C7: 节段1~节段2 | D7: Q355D | E7: 1020 | F7: 600 | G7: 16 | H7: =(E7/1000)*(F7/1000)*(G7/1000)*7850 -> 76.8672 | I7: 2 | J7: =H7*I7 -> 153.7344 | K7: 来源页52
C8: 节段1~节段2 | D8: Q355D | E8: 1420 | F8: 1100 | G8: 28 | H8: =(E8/1000)*(F8/1000)*(G8/1000)*7850 -> 343.3276 | I8: 1 | J8: =H8*I8 -> 343.3276 | K8: 来源页52
C9: 节段1~节段2 | D9: Q355D | E9: 1420 | F9: 400 | G9: 28 | H9: =(E9/1000)*(F9/1000)*(G9/1000)*7850 -> 124.8464 | I9: 2 | J9: =H9*I9 -> 249.6928 | K9: 来源页52
C10: 节段1~节段2 | D10: Q355D | E10: 920 | F10: 200 | G10: 20 | H10: =(E10/1000)*(F10/1000)*(G10/1000)*7850 -> 28.888 | I10: 10 | J10: =H10*I10 -> 288.88 | K10: 来源页52
C11: 节段1~节段2 | D11: Q355D | E11: 600 | F11: 1800 | G11: 20 | H11: =(E11/1000)*(F11/1000)*(G11/1000)*7850 -> 169.56 | I11: 2 | J11: =H11*I11 -> 339.12 | K11: 来源页52
C12: 节段1~节段2 | D12: Q355D | E12: 820 | F12: 1700 | G12: 20 | H12: =(E12/1000)*(F12/1000)*(G12/1000)*7850 -> 218.858 | I12: 2 | J12: =H12*I12 -> 437.716 | K12: 来源页52
C13: 节段1~节段2 | D13: Q355D | E13: 820 | F13: 800 | G13: 20 | H13: =(E13/1000)*(F13/1000)*(G13/1000)*7850 -> 102.992 | I13: 4 | J13: =H13*I13 -> 411.968 | K13: 来源页52
C14: 节段1~节段2 | D14: Q355D | E14: 1120 | F14: 1100 | G14: 32 | H14: =(E14/1000)*(F14/1000)*(G14/1000)*7850 -> 309.4784 | I14: 1 | J14: =H14*I14 -> 309.4784 | K14: 来源页52
C15: 节段1~节段2 | D15: Q355D | E15: 1120 | F15: 400 | G15: 32 | H15: =(E15/1000)*(F15/1000)*(G15/1000)*7850 -> 112.5376 | I15: 2 | J15: =H15*I15 -> 225.0752 | K15: 来源页52
C16: 节段1~节段2 | D16: Q355D | E16: 920 | F16: 200 | G16: 20 | H16: =(E16/1000)*(F16/1000)*(G16/1000)*7850 -> 28.888 | I16: 9 | J16: =H16*I16 -> 259.992 | K16: 【待核】来源页52
... C31: 节段02 | D31: Q355D | E31: 2057 | F31: 200 | G31: 16 | H31: =(E31/1000)*(F31/1000)*(G31/1000)*7850 -> 51.67184 | I31: 4 | J31: =H31*I31 -> 206.68736 | K31: 来源页53
B32: 小计 | J32: =SUM(J4:J31) -> 18986.364
A33: N15b | C33: 节段02 | D33: Q355B | E33: 2057 | F33: 40 | G33: 4 | H33: =(E33/1000)*(F33/1000)*(G33/1000)*7850 -> 2.583592 | I33: 4 | J33: =H33*I33 -> 10.334368 | K33: 来源页53 | L33: =A33 -> N15b | M33: =SUMIF(G33:G57,$M$3,J33:J57) -> 0 | N33: =SUMIF(G33:G57,$N$3,J33:J57) -> 672.84956 | O33: =SUMIF(G33:G57,$O$3,J33:J57) -> 2253.5906 | P33: =SUMIF(G33:G57,$P$3,J33:J57) -> 8836.1484 | Q33: =SUMIF(G33:G57,$Q$3,J33:J57) -> 17548.507 | R33: =SUMIF(G33:G57,$R$3,J33:J57) -> 0 | S33: =SUMIF(G33:G57,$S$3,J33:J57) -> 0 | T33: =SUM(M33:S58) -> 29311.095 | U33: 141450.9 | V33: =T33-U33 -> -112139.8
C34: 节段02 | D34: Q355D | E34: 800 | F34: 400 | G34: 16 | H34: =(E34/1000)*(F34/1000)*(G34/1000)*7850 -> 40.192 | I34: 4 | J34: =H34*I34 -> 160.768 | K34: 来源页53
C35: 节段02 | D35: Q355D | E35: 7902 | F35: 240 | G35: 20 | H35: =(E35/1000)*(F35/1000)*(G35/1000)*7850 -> 297.74736 | I35: 9 | J35: =H35*I35 -> 2679.7262 | K35: 【待核】来源页53
C36: 节段02 | D36: Q355D | E36: 10151 | F36: 240 | G36: 20 | H36: =(E36/1000)*(F36/1000)*(G36/1000)*7850 -> 382.48968 | I36: 9 | J36: =H36*I36 -> 3442.4071 | K36: 【待核】来源页53
C37: 节段02 | D37: Q355D | E37: 7902 | F37: 2500 | G37: 24 | H37: =(E37/1000)*(F37/1000)*(G37/1000)*7850 -> 3721.842 | I37: 1 | J37: =H37*I37 -> 3721.842 | K37: 来源页53
C38: 节段02 | D38: Q355D | E38: 10105 | F38: 2500 | G38: 24 | H38: =(E38/1000)*(F38/1000)*(G38/1000)*7850 -> 4759.455 | I38: 1 | J38: =H38*I38 -> 4759.455 | K38: 来源页53
C39: 节段02 | D39: Q355D | E39: 10305 | F39: 1880 | G39: 24 | H39: =(E39/1000)*(F39/1000)*(G39/1000)*7850 -> 3649.9486 | I39: 2 | J39: =H39*I39 -> 7299.8971 | K39: 来源页53
C40: 节段02 | D40: Q355D | E40: 1800 | F40: 1200 | G40: 16 | H40: =(E40/1000)*(F40/1000)*(G40/1000)*7850 -> 271.296 | I40: 3 | J40: =H40*I40 -> 813.888 | K40: 来源页53
C41: 节段02 | D41: Q355D | E41: 1800 | F41: 1200 | G41: 16 | H41: =(E41/1000)*(F41/1000)*(G41/1000)*7850 -> 271.296 | I41: 3 | J41: =H41*I41 -> 813.888 | K41: 来源页53
C42: 节段02 | D42: Q355D | E42: 2057 | F42: 200 | G42: 16 | H42: =(E42/1000)*(F42/1000)*(G42/1000)*7850 -> 51.67184 | I42: 9 | J42: =H42*I42 -> 465.04656 | K42: 【待核】来源页53
C43: 节段02 | D43: Q355D | E43: 7902 | F43: 240 | G43: 20 | H43: =(E43/1000)*(F43/1000)*(G43/1000)*7850 -> 297.74736 | I43: 2 | J43: =H43*I43 -> 595.49472 | K43: 来源页53
C44: 节段02 | D44: Q355D | E44: 7902 | F44: 240 | G44: 20 | H44: =(E44/1000)*(F44/1000)*(G44/1000)*7850 -> 297.74736 | I44: 2 | J44: =H44*I44 -> 595.49472 | K44: 来源页53
C45: 节段02 | D45: Q355D | E45: 10105 | F45: 240 | G45: 20 | H45: =(E45/1000)*(F45/1000)*(G45/1000)*7850 -> 380.7564 | I45: 4 | J45: =H45*I45 -> 1523.0256 | K45: 来源页53
... C57: 节段02 | D57: Q355D | E57: 6425 | F57: 320 | G57: 32 | H57: =(E57/1000)*(F57/1000)*(G57/1000)*7850 -> 516.4672 | I57: 1 | J57: =H57*I57 -> 516.4672 | K57: 来源页53
B58: 小计 | J58: =SUM(J33:J57) -> 53186.604
A59: N53b | C59: 节段02 | D59: Q355D | E59: 6025 | F59: 320 | G59: 32 | H59: =(E59/1000)*(F59/1000)*(G59/1000)*7850 -> 484.3136 | I59: 1 | J59: =H59*I59 -> 484.3136 | K59: 来源页53 | L59: =A59 -> N53b | M59: =SUMIF(G59:G83,$M$3,J59:J83) -> 0 | N59: =SUMIF(G59:G83,$N$3,J59:J83) -> 4257.482 | O59: =SUMIF(G59:G83,$O$3,J59:J83) -> 1232.8896 | P59: =SUMIF(G59:G83,$P$3,J59:J83) -> 1967.524 | Q59: =SUMIF(G59:G83,$Q$3,J59:J83) -> 0 | R59: =SUMIF(G59:G83,$R$3,J59:J83) -> 0 | S59: =SUMIF(G59:G83,$S$3,J59:J83) -> 0 | T59: =SUM(M59:S84) -> 7457.8956 | U59: 141854 | V59: =T59-U59 -> -134396.1
C60: 节段02 | D60: Q355D | E60: 1200 | F60: 1200 | G60: 16 | H60: =(E60/1000)*(F60/1000)*(G60/1000)*7850 -> 180.864 | I60: 2 | J60: =H60*I60 -> 361.728 | K60: 来源页53
C61: 节段02 | D61: Q355D | E61: 2150 | F61: 320 | G61: 32 | H61: =(E61/1000)*(F61/1000)*(G61/1000)*7850 -> 172.8256 | I61: 2 | J61: =H61*I61 -> 345.6512 | K61: 来源页53
C62: 节段02 | D62: Q355D | E62: 1980 | F62: 610 | G62: 14 | H62: =(E62/1000)*(F62/1000)*(G62/1000)*7850 -> 132.73722 | I62: 9 | J62: =H62*I62 -> 1194.635 | K62: 【待核】来源页53
C63: 节段02 | D63: Q355D | E63: 1980 | F63: 630 | G63: 14 | H63: =(E63/1000)*(F63/1000)*(G63/1000)*7850 -> 137.08926 | I63: 9 | J63: =H63*I63 -> 1233.8033 | K63: 【待核】来源页53
C64: 节段02 | D64: Q355D | E64: 1800 | F64: 610 | G64: 14 | H64: =(E64/1000)*(F64/1000)*(G64/1000)*7850 -> 120.6702 | I64: 9 | J64: =H64*I64 -> 1086.0318 | K64: 【待核】来源页53
C65: 节段02 | D65: Q355D | E65: 1800 | F65: 626 | G65: 14 | H65: =(E65/1000)*(F65/1000)*(G65/1000)*7850 -> 123.83532 | I65: 6 | J65: =H65*I65 -> 743.01192 | K65: 来源页53
D66: Q355D | E66: 1020 | F66: 1800 | G66: 16 | H66: =(E66/1000)*(F66/1000)*(G66/1000)*7850 -> 230.6016 | I66: 2 | J66: =H66*I66 -> 461.2032 | K66: 来源页56
D67: Q355D | E67: 1020 | F67: 500 | G67: 16 | H67: =(E67/1000)*(F67/1000)*(G67/1000)*7850 -> 64.056 | I67: 2 | J67: =H67*I67 -> 128.112 | K67: 来源页56
D68: Q355D | E68: 1020 | F68: 500 | G68: 16 | H68: =(E68/1000)*(F68/1000)*(G68/1000)*7850 -> 64.056 | I68: 2 | J68: =H68*I68 -> 128.112 | K68: 来源页56
D69: Q355D | E69: 1020 | F69: 600 | G69: 16 | H69: =(E69/1000)*(F69/1000)*(G69/1000)*7850 -> 76.8672 | I69: 2 | J69: =H69*I69 -> 153.7344 | K69: 来源页56
D70: Q355D | E70: 1420 | F70: 1100 | G70: 28 | H70: =(E70/1000)*(F70/1000)*(G70/1000)*7850 -> 343.3276 | I70: 1 | J70: =H70*I70 -> 343.3276 | K70: 来源页56
D71: Q355D | E71: 1420 | F71: 400 | G71: 28 | H71: =(E71/1000)*(F71/1000)*(G71/1000)*7850 -> 124.8464 | I71: 2 | J71: =H71*I71 -> 249.6928 | K71: 来源页56
D72: Q355D | E72: 920 | F72: 200 | G72: 20 | H72: =(E72/1000)*(F72/1000)*(G72/1000)*7850 -> 28.888 | I72: 10 | J72: =H72*I72 -> 288.88 | K72: 来源页56
B73: 上弦杆拼接 | D73: Q355D | E73: 600 | F73: 1800 | G73: 20 | H73: =(E73/1000)*(F73/1000)*(G73/1000)*7850 -> 169.56 | I73: 2 | J73: =H73*I73 -> 339.12 | K73: 来源页56
D74: Q355D | E74: 820 | F74: 1700 | G74: 20 | H74: =(E74/1000)*(F74/1000)*(G74/1000)*7850 -> 218.858 | I74: 2 | J74: =H74*I74 -> 437.716 | K74: 来源页56
D75: Q355D | E75: 820 | F75: 800 | G75: 20 | H75: =(E75/1000)*(F75/1000)*(G75/1000)*7850 -> 102.992 | I75: 4 | J75: =H75*I75 -> 411.968 | K75: 来源页56
D76: Q355D | E76: 1120 | F76: 1100 | G76: 32 | H76: =(E76/1000)*(F76/1000)*(G76/1000)*7850 -> 309.4784 | I76: 1 | J76: =H76*I76 -> 309.4784 | K76: 来源页56
B77: 下弦杆拼接 | D77: Q355D | E77: 1120 | F77: 400 | G77: 32 | H77: =(E77/1000)*(F77/1000)*(G77/1000)*7850 -> 112.5376 | I77: 2 | J77: =H77*I77 -> 225.0752 | K77: 来源页56
D78: Q355D | E78: 920 | F78: 200 | G78: 20 | H78: =(E78/1000)*(F78/1000)*(G78/1000)*7850 -> 28.888 | I78: 6 | J78: =H78*I78 -> 173.328 | K78: 来源页56
D79: Q355D | E79: 400 | F79: 1700 | G79: 20 | H79: =(E79/1000)*(F79/1000)*(G79/1000)*7850 -> 106.76 | I79: 2 | J79: =H79*I79 -> 213.52 | K79: 来源页56
B80: 腹杆拼接 | D80: Q355D | E80: 1320 | F80: 900 | G80: 28 | H80: =(E80/1000)*(F80/1000)*(G80/1000)*7850 -> 261.1224 | I80: 2 | J80: =H80*I80 -> 522.2448 | K80: 来源页56
D81: Q355D | E81: 1320 | F81: 400 | G81: 28 | H81: =(E81/1000)*(F81/1000)*(G81/1000)*7850 -> 116.0544 | I81: 4 | J81: =H81*I81 -> 464.2176 | K81: 来源页56
D82: Q355D | E82: 1320 | F82: 500 | G82: 28 | H82: =(E82/1000)*(F82/1000)*(G82/1000)*7850 -> 145.068 | I82: 4 | J82: =H82*I82 -> 580.272 | K82: 来源页56
D83: Q355D | E83: 820 | F83: 200 | G83: 20 | H83: =(E83/1000)*(F83/1000)*(G83/1000)*7850 -> 25.748 | I83: 4 | J83: =H83*I83 -> 102.992 | K83: 来源页56
B84: 小计 | J84: =SUM(J59:J83) -> 10982.169
A85: N12a | C85: 节段03 | D85: Q355D | E85: 7902 | F85: 1200 | G85: 20 | H85: =(E85/1000)*(F85/1000)*(G85/1000)*7850 -> 1488.7368 | I85: 1 | J85: =H85*I85 -> 1488.7368 | K85: 来源页57 | L85: =A85 -> N12a | M85: =SUMIF(G85:G109,$M$3,J85:J109) -> 0 | N85: =SUMIF(G85:G109,$N$3,J85:J109) -> 560.7142 | O85: =SUMIF(G85:G109,$O$3,J85:J109) -> 3772.8482 | P85: =SUMIF(G85:G109,$P$3,J85:J109) -> 14164.992 | Q85: =SUMIF(G85:G109,$Q$3,J85:J109) -> 13889.202 | R85: =SUMIF(G85:G109,$R$3,J85:J109) -> 0 | S85: =SUMIF(G85:G109,$S$3,J85:J109) -> 0 | T85: =SUM(M85:S110) -> 32387.757 | U85: 142224 | V85: =T85-U85 -> -109836.24
C86: 节段03 | D86: Q355D | E86: 8600 | F86: 1200 | G86: 20 | H86: =(E86/1000)*(F86/1000)*(G86/1000)*7850 -> 1620.24 | I86: 1 | J86: =H86*I86 -> 1620.24 | K86: 来源页57
C87: 节段03 | D87: Q355D | E87: 8800 | F87: 2048 | G87: 20 | H87: =(E87/1000)*(F87/1000)*(G87/1000)*7850 -> 2829.5168 | I87: 2 | J87: =H87*I87 -> 5659.0336 | K87: 来源页57
C88: 节段03 | D88: Q355D | E88: 1980 | F88: 1200 | G88: 16 | H88: =(E88/1000)*(F88/1000)*(G88/1000)*7850 -> 298.4256 | I88: 3 | J88: =H88*I88 -> 895.2768 | K88: 来源页57
C89: 节段03 | D89: Q355D | E89: 1980 | F89: 1200 | G89: 16 | H89: =(E89/1000)*(F89/1000)*(G89/1000)*7850 -> 298.4256 | I89: 3 | J89: =H89*I89 -> 895.2768 | K89: 来源页57
C90: 节段03 | D90: Q355D | E90: 2057 | F90: 200 | G90: 16 | H90: =(E90/1000)*(F90/1000)*(G90/1000)*7850 -> 51.67184 | I90: 4 | J90: =H90*I90 -> 206.68736 | K90: 来源页57
C91: 节段03 | D91: Q355B | E91: 2057 | F91: 40 | G91: 4 | H91: =(E91/1000)*(F91/1000)*(G91/1000)*7850 -> 2.583592 | I91: 4 | J91: =H91*I91 -> 10.334368 | K91: 来源页57
C92: 节段03 | D92: Q355D | E92: 800 | F92: 400 | G92: 16 | H92: =(E92/1000)*(F92/1000)*(G92/1000)*7850 -> 40.192 | I92: 4 | J92: =H92*I92 -> 160.768 | K92: 来源页57
C93: 节段03 | D93: Q355D | E93: 7902 | F93: 240 | G93: 20 | H93: =(E93/1000)*(F93/1000)*(G93/1000)*7850 -> 297.74736 | I93: 4 | J93: =H93*I93 -> 1190.9894 | K93: 来源页57
C94: 节段03 | D94: Q355D | E94: 8600 | F94: 240 | G94: 20 | H94: =(E94/1000)*(F94/1000)*(G94/1000)*7850 -> 324.048 | I94: 6 | J94: =H94*I94 -> 1944.288 | K94: 来源页57
C95: 节段03 | D95: Q355D | E95: 7904 | F95: 2500 | G95: 24 | H95: =(E95/1000)*(F95/1000)*(G95/1000)*7850 -> 3722.784 | I95: 1 | J95: =H95*I95 -> 3722.784 | K95: 来源页57
C96: 节段03 | D96: Q355D | E96: 7102 | F96: 2500 | G96: 24 | H96: =(E96/1000)*(F96/1000)*(G96/1000)*7850 -> 3345.042 | I96: 1 | J96: =H96*I96 -> 3345.042 | K96: 来源页57
C97: 节段03 | D97: Q355D | E97: 7302 | F97: 1880 | G97: 24 | H97: =(E97/1000)*(F97/1000)*(G97/1000)*7850 -> 2586.31 | I97: 2 | J97: =H97*I97 -> 5172.62 | K97: 来源页57
... C109: 节段03 | D109: Q355D | E109: 6022 | F109: 240 | G109: 24 | H109: =(E109/1000)*(F109/1000)*(G109/1000)*7850 -> 272.29075 | I109: 2 | J109: =H109*I109 -> 544.5815 | K109: 来源页57
B110: 小计 | J110: =SUM(J85:J109) -> 45308.691
A111: N51 | C111: 节段03 | D111: Q355D | E111: 4796 | F111: 900 | G111: 36 | H111: =(E111/1000)*(F111/1000)*(G111/1000)*7850 -> 1219.8146 | I111: 2 | J111: =H111*I111 -> 2439.6293 | K111: 来源页57 | L111: =A111 -> N51 | M111: =SUMIF(G111:G135,$M$3,J111:J135) -> 0 | N111: =SUMIF(G111:G135,$N$3,J111:J135) -> 4257.482 | O111: =SUMIF(G111:G135,$O$3,J111:J135) -> 871.1616 | P111: =SUMIF(G111:G135,$P$3,J111:J135) -> 2054.188 | Q111: =SUMIF(G111:G135,$Q$3,J111:J135) -> 569.35987 | R111: =SUMIF(G111:G135,$R$3,J111:J135) -> 0 | S111: =SUMIF(G111:G135,$S$3,J111:J135) -> 0 | T111: =SUM(M111:S136) -> 7752.1915 | U111: 142601.8 | V111: =T111-U111 -> -134849.61
C112: 节段03 | D112: Q355D | E112: 6996 | F112: 1200 | G112: 32 | H112: =(E112/1000)*(F112/1000)*(G112/1000)*7850 -> 2108.8742 | I112: 1 | J112: =H112*I112 -> 2108.8742 | K112: 来源页57
C113: 节段03 | D113: Q355D | E113: 6296 | F113: 240 | G113: 24 | H113: =(E113/1000)*(F113/1000)*(G113/1000)*7850 -> 284.67994 | I113: 2 | J113: =H113*I113 -> 569.35987 | K113: 来源页57
C114: 节段03 | D114: Q355D | E114: 1980 | F114: 610 | G114: 14 | H114: =(E114/1000)*(F114/1000)*(G114/1000)*7850 -> 132.73722 | I114: 9 | J114: =H114*I114 -> 1194.635 | K114: 【待核】来源页57
C115: 节段03 | D115: Q355D | E115: 1980 | F115: 630 | G115: 14 | H115: =(E115/1000)*(F115/1000)*(G115/1000)*7850 -> 137.08926 | I115: 9 | J115: =H115*I115 -> 1233.8033 | K115: 【待核】来源页57
C116: 节段03 | D116: Q355D | E116: 1800 | F116: 610 | G116: 14 | H116: =(E116/1000)*(F116/1000)*(G116/1000)*7850 -> 120.6702 | I116: 9 | J116: =H116*I116 -> 1086.0318 | K116: 【待核】来源页57
C117: 节段03 | D117: Q355D | E117: 1800 | F117: 626 | G117: 14 | H117: =(E117/1000)*(F117/1000)*(G117/1000)*7850 -> 123.83532 | I117: 6 | J117: =H117*I117 -> 743.01192 | K117: 来源页57
C118: 节段3~节段4 | D118: Q355D | E118: 1020 | F118: 1800 | G118: 16 | H118: =(E118/1000)*(F118/1000)*(G118/1000)*7850 -> 230.6016 | I118: 2 | J118: =H118*I118 -> 461.2032 | K118: 来源页60
C119: 节段3~节段4 | D119: Q355D | E119: 1020 | F119: 500 | G119: 16 | H119: =(E119/1000)*(F119/1000)*(G119/1000)*7850 -> 64.056 | I119: 2 | J119: =H119*I119 -> 128.112 | K119: 来源页60
C120: 节段3~节段4 | D120: Q355D | E120: 1020 | F120: 500 | G120: 16 | H120: =(E120/1000)*(F120/1000)*(G120/1000)*7850 -> 64.056 | I120: 2 | J120: =H120*I120 -> 128.112 | K120: 来源页60
C121: 节段3~节段4 | D121: Q355D | E121: 1020 | F121: 600 | G121: 16 | H121: =(E121/1000)*(F121/1000)*(G121/1000)*7850 -> 76.8672 | I121: 2 | J121: =H121*I121 -> 153.7344 | K121: 来源页60
C122: 节段3~节段4 | D122: Q355D | E122: 1420 | F122: 1100 | G122: 28 | H122: =(E122/1000)*(F122/1000)*(G122/1000)*7850 -> 343.3276 | I122: 1 | J122: =H122*I122 -> 343.3276 | K122: 来源页60
C123: 节段3~节段4 | D123: Q355D | E123: 1420 | F123: 400 | G123: 28 | H123: =(E123/1000)*(F123/1000)*(G123/1000)*7850 -> 124.8464 | I123: 2 | J123: =H123*I123 -> 249.6928 | K123: 来源页60
C124: 节段3~节段4 | D124: Q355D | E124: 920 | F124: 200 | G124: 20 | H124: =(E124/1000)*(F124/1000)*(G124/1000)*7850 -> 28.888 | I124: 10 | J124: =H124*I124 -> 288.88 | K124: 来源页60
B125: 上弦杆拼接 | C125: 节段3~节段4 | D125: Q355D | E125: 600 | F125: 1800 | G125: 20 | H125: =(E125/1000)*(F125/1000)*(G125/1000)*7850 -> 169.56 | I125: 2 | J125: =H125*I125 -> 339.12 | K125: 来源页60
C126: 节段3~节段4 | D126: Q355D | E126: 820 | F126: 1700 | G126: 20 | H126: =(E126/1000)*(F126/1000)*(G126/1000)*7850 -> 218.858 | I126: 2 | J126: =H126*I126 -> 437.716 | K126: 来源页60
C127: 节段3~节段4 | D127: Q355D | E127: 820 | F127: 800 | G127: 20 | H127: =(E127/1000)*(F127/1000)*(G127/1000)*7850 -> 102.992 | I127: 4 | J127: =H127*I127 -> 411.968 | K127: 来源页60
C128: 节段3~节段4 | D128: Q355D | E128: 1120 | F128: 1100 | G128: 32 | H128: =(E128/1000)*(F128/1000)*(G128/1000)*7850 -> 309.4784 | I128: 1 | J128: =H128*I128 -> 309.4784 | K128: 来源页60
B129: 下弦杆拼接 | C129: 节段3~节段4 | D129: Q355D | E129: 1120 | F129: 400 | G129: 32 | H129: =(E129/1000)*(F129/1000)*(G129/1000)*7850 -> 112.5376 | I129: 2 | J129: =H129*I129 -> 225.0752 | K129: 来源页60
C130: 节段3~节段4 | D130: Q355D | E130: 920 | F130: 200 | G130: 20 | H130: =(E130/1000)*(F130/1000)*(G130/1000)*7850 -> 28.888 | I130: 9 | J130: =H130*I130 -> 259.992 | K130: 【待核】来源页60
C131: 节段3~节段4 | D131: Q355D | E131: 400 | F131: 1700 | G131: 20 | H131: =(E131/1000)*(F131/1000)*(G131/1000)*7850 -> 106.76 | I131: 2 | J131: =H131*I131 -> 213.52 | K131: 来源页60
B132: 腹杆拼接 | C132: 节段3~节段4 | D132: Q355D | E132: 1320 | F132: 900 | G132: 28 | H132: =(E132/1000)*(F132/1000)*(G132/1000)*7850 -> 261.1224 | I132: 2 | J132: =H132*I132 -> 522.2448 | K132: 来源页60
C133: 节段3~节段4 | D133: Q355D | E133: 1320 | F133: 400 | G133: 28 | H133: =(E133/1000)*(F133/1000)*(G133/1000)*7850 -> 116.0544 | I133: 4 | J133: =H133*I133 -> 464.2176 | K133: 来源页60
C134: 节段3~节段4 | D134: Q355D | E134: 1320 | F134: 500 | G134: 28 | H134: =(E134/1000)*(F134/1000)*(G134/1000)*7850 -> 145.068 | I134: 4 | J134: =H134*I134 -> 580.272 | K134: 来源页60
C135: 节段3~节段4 | D135: Q355D | E135: 820 | F135: 200 | G135: 20 | H135: =(E135/1000)*(F135/1000)*(G135/1000)*7850 -> 25.748 | I135: 4 | J135: =H135*I135 -> 102.992 | K135: 来源页60
B136: 小计 | J136: =SUM(J111:J135) -> 14995.003
A137: N12a | C137: 节段04 | D137: Q355D | E137: 7901 | F137: 1200 | G137: 20 | H137: =(E137/1000)*(F137/1000)*(G137/1000)*7850 -> 1488.5484 | I137: 1 | J137: =H137*I137 -> 1488.5484 | K137: 来源页61 | L137: =A137 -> N12a | M137: =SUMIF(G137:G161,$M$3,J137:J161) -> 0 | N137: =SUMIF(G137:G161,$N$3,J137:J161) -> 560.67683 | O137: =SUMIF(G137:G161,$O$3,J137:J161) -> 3422.7507 | P137: =SUMIF(G137:G161,$P$3,J137:J161) -> 16064.871 | Q137: =SUMIF(G137:G161,$Q$3,J137:J161) -> 6247.6756 | R137: =SUMIF(G137:G161,$R$3,J137:J161) -> 0 | S137: =SUMIF(G137:G161,$S$3,J137:J161) -> 0 | T137: =SUM(M137:S162) -> 26295.974 | U137: 142948.6 | V137: =T137-U137 -> -116652.63
...

Sheet 横隔板
A2: 梁板编号 | B2: 板件名称 | C2: 位置 | D2: 材质 | E2: 长 | F2: 宽 | G2: 厚 | H2: 数量 | I2: 单件重 | J2: 全桥数量 | K2: 合计重量 | L2: 备注 | M2: 梁板编号 | O2: 复核数量 | Y2: 图纸数量 | Z2: 差异 | AA2: 备注
E3: mm | F3: mm | G3: mm | I3: kg | K3: kg | N3: 10 | O3: 12 | P3: 14 | Q3: 16 | R3: 20 | S3: 24 | T3: 28 | U3: 30 | V3: 40 | W3: 50 | X3: 合计
A4: 横隔板 | B4: Z1边支点横隔板 | C4: N1 | D4: Q355MD | E4: 1951 | F4: 1790 | G4: 20 | H4: 1 | I4: =(E4/1000)*(F4/1000)*(G4/1000)*7850*H4 -> 548.28953 | J4: 32 | K4: =I4*J4 -> 17545.265 | M4: =B4 -> Z1边支点横隔板 | O4: =SUMIF(G4:G22,$O$3,K4:K22) -> 646.4 | P4: =SUMIF(G4:G22,$P$3,K4:K22) -> 0 | Q4: =SUMIF(G4:G22,$Q$3,K4:K22) -> 0 | R4: =SUMIF(G4:G22,$R$3,K4:K22) -> 131616.82 | S4: =SUMIF(G4:G22,$S$3,K4:K22) -> 0 | U4: =SUMIF(G4:G22,$U$3,K4:K22) -> 2411.52 | V4: =SUMIF(G4:G22,$V$3,K4:K22) -> 6430.72 | X4: =SUM(O4:V23) -> 141105.46 | Y4: 141101.8 | Z4: =X4-Y4 -> 3.66464
C5: N2 | D5: Q355MD | E5: 2718 | F5: 2550 | G5: 20 | H5: 1 | I5: 1033.76 | J5: 32 | K5: =I5*J5 -> 33080.32
C6: N3 | D6: Q355MD | E6: 2653 | F6: 470 | G6: 20 | H6: 1 | I6: 132.31 | J6: 32 | K6: =I6*J6 -> 4233.92
C7: N3' | D7: Q355MD | E7: 2653 | F7: 440 | G7: 20 | H7: 1 | I7: 119.56 | J7: 32 | K7: =I7*J7 -> 3825.92
C8: N3a | D8: Q355MD | E8: 2671 | F8: 470 | G8: 20 | H8: 1 | I8: 132.98 | J8: 32 | K8: =I8*J8 -> 4255.36
C9: N3a' | D9: Q355MD | E9: 2671 | F9: 440 | G9: 20 | H9: 1 | I9: 120.24 | J9: 32 | K9: =I9*J9 -> 3847.68
C10: N3b | D10: Q355MD | E10: 2689 | F10: 470 | G10: 20 | H10: 1 | I10: 133.66 | J10: 32 | K10: =I10*J10 -> 4277.12
C11: N3b' | D11: Q355MD | E11: 2689 | F11: 440 | G11: 20 | H11: 1 | I11: 120.91 | J11: 32 | K11: =I11*J11 -> 3869.12
C12: N3c | D12: Q355MD | E12: 2707 | F12: 470 | G12: 20 | H12: 1 | I12: 134.34 | J12: 32 | K12: =I12*J12 -> 4298.88
C13: N3c' | D13: Q355MD | E13: 2707 | F13: 440 | G13: 20 | H13: 1 | I13: 121.59 | J13: 32 | K13: =I13*J13 -> 3890.88
C14: N3d | D14: Q355MD | E14: 1150 | F14: 470 | G14: 20 | H14: 1 | I14: 75.68 | J14: 32 | K14: =I14*J14 -> 2421.76
C15: N3d' | D15: Q355MD | E15: 1150 | F15: 440 | G15: 20 | H15: 1 | I15: 62.32 | J15: 32 | K15: =I15*J15 -> 1994.24
C16: N4 | D16: Q355MD | E16: 776 | F16: 160 | G16: 20 | H16: 2 | I16: =(E16/1000)*(F16/1000)*(G16/1000)*7850*H16 -> 38.98624 | J16: 32 | K16: =I16*J16 -> 1247.5597
C17: N5 | D17: Q355MD | E17: 500 | F17: 240 | G17: 20 | H17: 2 | I17: 33.7 | J17: 32 | K17: =I17*J17 -> 1078.4
C18: N6 | D18: Q355MD | E18: 400 | F18: 400 | G18: 30 | H18: 2 | I18: =(E18/1000)*(F18/1000)*(G18/1000)*7850*H18 -> 75.36 | J18: 32 | K18: =I18*J18 -> 2411.52
C19: N7 | D19: Q355MD | E19: 800 | F19: 800 | G19: 40 | H19: 1 | I19: =(E19/1000)*(F19/1000)*(G19/1000)*7850*H19 -> 200.96 | J19: 32 | K19: =I19*J19 -> 6430.72
C20: N8 | D20: Q355MD | E20: 840 | F20: 540 | G20: 12 | H20: 2 | I20: 20.2 | J20: 32 | K20: =I20*J20 -> 646.4 | L20: 数量有误需设计核实
C21: N9 | D21: Q355MD | E21: 2718 | F21: 2550 | G21: 20 | H21: 1 | I21: 1033.8 | J21: 32 | K21: =I21*J21 -> 33081.6
C22: N10 | D22: Q355MD | E22: 740 | F22: 785 | G22: 20 | H22: 1 | I22: 270.9 | J22: 32 | K22: =I22*J22 -> 8668.8
B23: 小计 | K23: =SUM(K4:K22) -> 141105.46
A24: 横隔板 | B24: T1上层挑梁 | C24: N1T | D24: Q355MD | E24: 1109 | F24: 575 | G24: 20 | H24: 1 | I24: 65.3 | J24: 4 | K24: =I24*J24 -> 261.2 | M24: =B24 -> T1上层挑梁 | N24: =K26 -> 109.2 | Q24: =K27+K28 -> 234 | R24: =K24+K25 -> 1188.4 | X24: =SUM(N24:V24) -> 1531.6 | Y24: 1532.1 | Z24: =X24-Y24 -> -0.5
C25: N2T | D25: Q355MD | E25: 1790 | F25: 825 | G25: 20 | H25: 1 | I25: 231.8 | J25: 4 | K25: =I25*J25 -> 927.2
C26: N3T | D26: Q355MD | E26: 1161 | F26: 300 | G26: 10 | H26: 1 | I26: 27.3 | J26: 4 | K26: =I26*J26 -> 109.2
C27: N4T | D27: Q355MD | E27: 1234 | F27: 160 | G27: 16 | H27: 2 | I27: 49.6 | J27: 4 | K27: =I27*J27 -> 198.4
C28: N4Ta | D28: Q355MD | E28: 444 | F28: 160 | G28: 16 | H28: 1 | I28: 8.9 | J28: 4 | K28: =I28*J28 -> 35.6 | L28: 数量有误需设计核实
B29: 小计 | K29: =SUM(K24:K28) -> 1531.6
A30: 横隔板 | B30: T2上层挑梁 | C30: N1 | D30: Q355MD | E30: 1109 | F30: 575 | G30: 20 | H30: 1 | I30: 59.4 | J30: 4 | K30: =I30*J30 -> 237.6 | M30: =B30 -> T2上层挑梁 | N30: =K32 -> 100.8 | Q30: =K33+K34 -> 234 | R30: =K30+K31 -> 1052.4 | X30: =SUM(N30:V30) -> 1387.2 | Y30: 1387.5 | Z30: =X30-Y30 -> -0.3
C31: N2 | D31: Q355MD | E31: 1790 | F31: 725 | G31: 20 | H31: 1 | I31: 203.7 | J31: 4 | K31: =I31*J31 -> 814.8
C32: N3 | D32: Q355MD | E32: 1071 | F32: 300 | G32: 10 | H32: 1 | I32: 25.2 | J32: 4 | K32: =I32*J32 -> 100.8
C33: N4 | D33: Q355MD | E33: 1234 | F33: 160 | G33: 16 | H33: 2 | I33: 49.6 | J33: 4 | K33: =I33*J33 -> 198.4
C34: N4a | D34: Q355MD | E34: 444 | F34: 160 | G34: 16 | H34: 1 | I34: 8.9 | J34: 4 | K34: =I34*J34 -> 35.6 | L34: 数量有误需设计核实
B35: 小计 | K35: =SUM(K30:K34) -> 1387.2
A36: 横隔板 | B36: T3下层挑梁 | C36: N1' | D36: Q355MD | E36: 634 | F36: 575 | G36: 20 | H36: 1 | I36: 37.2 | J36: 8 | K36: =I36*J36 -> 297.6 | M36: =B36 -> T3下层挑梁 | N36: =K38 -> 139.2 | Q36: =K39+K40 -> 269.6 | R36: =K36+K37 -> 1084.8 | X36: =SUM(N36:V36) -> 1493.6 | Y36: 1492.9 | Z36: =X36-Y36 -> 0.7
C37: N2' | D37: Q355MD | E37: 1790 | F37: 350 | G37: 20 | H37: 1 | I37: 98.4 | J37: 8 | K37: =I37*J37 -> 787.2
C38: N3' | D38: Q355MD | E38: 738 | F38: 300 | G38: 10 | H38: 1 | I38: 17.4 | J38: 8 | K38: =I38*J38 -> 139.2
C39: N4' | D39: Q355MD | E39: 1234 | F39: 160 | G39: 16 | H39: 1 | I39: 24.8 | J39: 8 | K39: =I39*J39 -> 198.4
C40: N4a' | D40: Q355MD | E40: 444 | F40: 160 | G40: 16 | H40: 1 | I40: 8.9 | J40: 8 | K40: =I40*J40 -> 71.2
B41: 小计 | K41: =SUM(K36:K40) -> 1493.6
A42: 横隔板 | B42: Z2支点横梁 | C42: N1 | D42: Q355MD | E42: 1759 | F42: 600 | G42: 20 | H42: 1 | I42: =165.7*H42 -> 165.7 | J42: 16 | K42: =I42*J42 -> 2651.2 | M42: =B42 -> Z2支点横梁 | O42: =K50 -> 321.6 | R42: =K42+K48 -> 3742.4 | S42: =K44+K45+K46+K47+K49 -> 20329.6 | T42: =K43 -> 23113.6 | V42: =K51 -> 1608 | W42: =K52 -> 6280 | X42: =SUM(N42:W53) -> 55395.2 | Y42: =56228.4-831 -> 55397.4 | Z42: =X42-Y42 -> -2.2
C43: N2 | D43: Q355MD | G43: 28 | H43: 1 | I43: 1444.6 | J43: 16 | K43: =I43*J43 -> 23113.6
C44: N3 | D44: Q355MD | G44: 24 | H44: 2 | I44: 297.7 | J44: 16 | K44: =I44*J44 -> 4763.2
C45: N3a | D45: Q355MD | G45: 24 | H45: 2 | I45: 298.8 | J45: 16 | K45: =I45*J45 -> 4780.8
C46: N3b | D46: Q355MD | G46: 24 | H46: 2 | I46: 301.4 | J46: 16 | K46: =I46*J46 -> 4822.4
C47: N3c | D47: Q355MD | G47: 24 | H47: 2 | I47: 302.6 | J47: 16 | K47: =I47*J47 -> 4841.6
C48: N4 | D48: Q355MD | E48: 776 | F48: 280 | G48: 20 | H48: 2 | I48: 68.2 | J48: 16 | K48: =I48*J48 -> 1091.2
C49: N5 | D49: Q355MD | G49: 24 | H49: 2 | I49: 70.1 | J49: 16 | K49: =I49*J49 -> 1121.6
C50: N6 | D50: Q355MD | E50: 2139 | F50: 50 | G50: 12 | H50: 2 | I50: 20.1 | J50: 16 | K50: =I50*J50 -> 321.6
C51: N7 | D51: Q355MD | E51: 400 | F51: 400 | G51: 40 | H51: 2 | I51: 100.5 | J51: 16 | K51: =I51*J51 -> 1608
C52: N8 | D52: Q355MD | E52: 1000 | F52: 1000 | G52: 50 | H52: 1 | I52: 392.5 | J52: 16 | K52: =I52*J52 -> 6280
B53: 小计 | K53: =SUM(K42:K52) -> 55395.2
A54: 横隔板 | B54: HG1 | C54: N1 | D54: Q355MD | E54: 1650 | F54: 300 | G54: 12 | H54: 1 | I54: 46.6 | J54: 64 | K54: =I54*J54 -> 2982.4 | M54: =B54 -> HG1 | O54: =K57 -> 39052.8 | X54: =SUM(N54:W57) -> 39052.8 | Y54: =2984.3+34160.9+1905.7 -> 39050.9 | Z54: =X54-Y54 -> 1.9
C55: N2 | D55: Q355MD | G55: 12 | H55: 1 | I55: 533.8 | J55: 64 | K55: =I55*J55 -> 34163.2
C56: N3 | D56: Q355MD | E56: 3161 | F56: 100 | G56: 12 | H56: 1 | I56: 29.8 | J56: 64 | K56: =I56*J56 -> 1907.2
B57: 小计 | K57: =SUM(K54:K56) -> 39052.8
A58: 横隔板 | B58: HG2 | C58: N1 | D58: Q355MD | E58: 1650 | F58: 300 | G58: 12 | H58: 1 | I58: 46.6 | J58: 200 | K58: =I58*J58 -> 9320 | M58: =B58 -> HG2 | O58: =K61 -> 122000 | X58: =SUM(N58:W61) -> 122000 | Y58: =9325.8+106715+5955.3 -> 121996.1 | Z58: =X58-Y58 -> 3.9
C59: N2 | D59: Q355MD | G59: 12 | H59: 1 | I59: 533.6 | J59: 200 | K59: =I59*J59 -> 106720
C60: N3 | D60: Q355MD | E60: 3161 | F60: 100 | G60: 12 | H60: 1 | I60: 29.8 | J60: 200 | K60: =I60*J60 -> 5960
B61: 小计 | K61: =SUM(K58:K60) -> 122000
A62: 横隔板 | B62: HG3 | C62: N1 | D62: Q355MD | E62: 1650 | F62: 300 | G62: 12 | H62: 1 | I62: 46.6 | J62: 32 | K62: =I62*J62 -> 1491.2 | M62: =B62 -> HG3 | O62: =K65 -> 19494.4 | X62: =SUM(N62:W65) -> 19494.4 | Y62: =1492.1+17050.3+952.9 -> 19495.3 | Z62: =X62-Y62 -> -0.9
C63: N2 | D63: Q355MD | G63: 12 | H63: 1 | I63: 532.8 | J63: 32 | K63: =I63*J63 -> 17049.6
C64: N3 | D64: Q355MD | E64: 3161 | F64: 100 | G64: 12 | H64: 1 | I64: 29.8 | J64: 32 | K64: =I64*J64 -> 953.6
B65: 小计 | K65: =SUM(K62:K64) -> 19494.4
A66: 横隔板 | B66: HG5 | C66: N1 | D66: Q355MD | E66: 1650 | F66: 300 | G66: 20 | H66: 1 | I66: 77.7 | J66: 24 | K66: =I66*J66 -> 1864.8 | M66: =B66 -> HG5 | O66: =K68 -> 715.2 | Q66: =K67 -> 17018.4 | R66: =K66 -> 1864.8 | X66: =SUM(N66:W69) -> 19598.4 | Y66: =1865.2+17017.7+714.6 -> 19597.5 | Z66: =X66-Y66 -> 0.9
C67: N2 | D67: Q355MD | G67: 16 | H67: 1 | I67: 709.1 | J67: 24 | K67: =I67*J67 -> 17018.4
C68: N3 | D68: Q355MD | E68: 3161 | F68: 100 | G68: 12 | H68: 1 | I68: 29.8 | J68: 24 | K68: =I68*J68 -> 715.2
B69: 小计 | K69: =SUM(K66:K68) -> 19598.4
A70: 横隔板 | B70: HG4 | C70: N1 | D70: Q355MD | E70: 1950 | F70: 300 | G70: 20 | H70: 1 | I70: 91.8 | J70: 24 | K70: =I70*J70 -> 2203.2 | M70: =B70 -> HG4 | O70: =K72 -> 715.2 | Q70: =K71 -> 18465.6 | R70: =K70 -> 2203.2 | X70: =SUM(N70:W73) -> 21384 | Y70: =2204.3+18466.5+714.6 -> 21385.4 | Z70: =X70-Y70 -> -1.4
C71: N2 | D71: Q355MD | G71: 16 | H71: 1 | I71: 769.4 | J71: 24 | K71: =I71*J71 -> 18465.6
C72: N3 | D72: Q355MD | E72: 3161 | F72: 100 | G72: 12 | H72: 1 | I72: 29.8 | J72: 24 | K72: =I72*J72 -> 715.2
B73: 小计 | K73: =SUM(K70:K72) -> 21384
A74: 横隔板 | B74: HG6 | C74: N1 | D74: Q355MD | E74: 1950 | F74: 300 | G74: 20 | H74: 1 | I74: 91.8 | J74: 24 | K74: =I74*J74 -> 2203.2 | M74: =B74 -> HG6 | O74: =K76 -> 715.2 | Q74: =K75 -> 18372 | R74: =K74 -> 2203.2 | X74: =SUM(N74:W77) -> 21290.4 | Y74: =2204.3+18372.3+714.6 -> 21291.2 | Z74: =X74-Y74 -> -0.8
C75: N2 | D75: Q355MD | G75: 16 | H75: 1 | I75: 765.5 | J75: 24 | K75: =I75*J75 -> 18372
C76: N3 | D76: Q355MD | E76: 3161 | F76: 100 | G76: 12 | H76: 1 | I76: 29.8 | J76: 24 | K76: =I76*J76 -> 715.2
B77: 小计 | K77: =SUM(K74:K76) -> 21290.4
A78: 横肋 | B78: L1横肋 | C78: N1 | D78: Q355MD | E78: 2642 | F78: 160 | G78: 12 | H78: 1 | I78: =(E78/1000)*(F78/1000)*(G78/1000)*7850 -> 39.820224 | J78: 144 | K78: =I78*J78 -> 5734.1123 | L78: 需设计核实 | M78: =B78 -> L1横肋 | O78: =K78+K79 -> 11635.343 | X78: =SUM(N78:W80) -> 11635.343 | Y78: =5734.1+5901.2 -> 11635.3 | Z78: =X78-Y78 -> 0.042848
C79: N2 | D79: Q355MD | E79: 2719 | F79: 160 | G79: 12 | H79: 1 | I79: =(E79/1000)*(F79/1000)*(G79/1000)*7850 -> 40.980768 | J79: 144 | K79: =I79*J79 -> 5901.2306 | L79: 需设计核实
B80: 小计 | K80: =SUM(K78:K79) -> 11635.343
A81: 横肋 | B81: L2横肋 | C81: N1 | D81: Q355MD | E81: 2638 | F81: 160 | G81: 12 | H81: 1 | I81: =(E81/1000)*(F81/1000)*(G81/1000)*7850 -> 39.759936 | J81: 336 | K81: =I81*J81 -> 13359.338 | M81: =B81 -> L2横肋 | O81: =K81+K82 -> 27108.62 | X81: =SUM(N81:W83) -> 27108.62 | Y81: =13359.3+13749.3 -> 27108.6 | Z81: =X81-Y81 -> 0.019776
C82: N2 | D82: Q355MD | E82: 2715 | F82: 160 | G82: 12 | H82: 1 | I82: =(E82/1000)*(F82/1000)*(G82/1000)*7850 -> 40.92048 | J82: 336 | K82: =I82*J82 -> 13749.281
B83: 小计 | K83: =SUM(K81:K82) -> 27108.62
A84: 横肋 | B84: L3横肋 | C84: N1 | D84: Q355MD | E84: 2632 | F84: 160 | G84: 12 | H84: 1 | I84: =(E84/1000)*(F84/1000)*(G84/1000)*7850 -> 39.669504 | J84: 48 | K84: =I84*J84 -> 1904.1362 | M84: =B84 -> L3横肋 | O84: =K84+K85 -> 3863.9785 | X84: =SUM(N84:W86) -> 3863.9785 | Y84: =1904.1+1959.8 -> 3863.9 | Z84: =X84-Y84 -> 0.078496
C85: N2 | D85: Q355MD | E85: 2709 | F85: 160 | G85: 12 | H85: 1 | I85: =(E85/1000)*(F85/1000)*(G85/1000)*7850 -> 40.830048 | J85: 48 | K85: =I85*J85 -> 1959.8423
B86: 小计 | K86: =SUM(K84:K85) -> 3863.9785
A87: 横肋 | B87: U肋 | C87: N1 | D87: Q355MD | G87: 20 | H87: 1 | I87: 314 | J87: 112 | K87: =I87*J87 -> 35168 | M87: =B87 -> U肋 | R87: =K87+K88 -> 37172.8 | X87: =SUM(N87:W89) -> 37172.8 | Y87: =35163.5+2008 -> 37171.5 | Z87: =X87-Y87 -> 1.3
C88: N2 | D88: Q355MD | G88: 20 | H88: 1 | I88: 17.9 | J88: 112 | K88: =I88*J88 -> 2004.8 | L88: 单件重量和数量有误需核实
B89: 小计 | K89: =SUM(K87:K88) -> 37172.8
A90: 梁间横梁 | B90: XJZ1 | C90: N1 | D90: Q355MD | E90: 1790 | F90: 2001 | G90: 16 | H90: 1 | I90: =(E90/1000)*(F90/1000)*(G90/1000)*7850 -> 449.87282 | J90: 24 | K90: =I90*J90 -> 10796.948 | M90: =B90 -> XJZ1 | O90: =K94+K95 -> 14608.8 | Q90: =K90 -> 10796.948 | R90: =K91+K92+K93+K96+K97+K98 -> 22413.263 | X90: =SUM(N90:W99) -> 47819.011 | Y90: 47820.1 | Z90: =X90-Y90 -> -1.089184
C91: N2 | D91: Q355MD | E91: 1974 | F91: 285 | G91: 20 | H91: 1 | I91: =(E91/1000)*(F91/1000)*(G91/1000)*7850 -> 88.32663 | J91: 24 | K91: =I91*J91 -> 2119.8391
C92: N2' | D92: Q355MD | E92: 1974 | F92: 285 | G92: 20 | H92: 1 | I92: =(E92/1000)*(F92/1000)*(G92/1000)*7850 -> 88.32663 | J92: 24 | K92: =I92*J92 -> 2119.8391
C93: N3 | D93: Q355MD | E93: 1974 | F93: 2001 | G93: 20 | H93: 1 | I93: 618.9 | J93: 24 | K93: =I93*J93 -> 14853.6
C94: N4 | D94: Q355MD | E94: 1970 | F94: 1230 | G94: 12 | H94: 5 | I94: 411.4 | J94: 24 | K94: =I94*J94 -> 9873.6 | L94: 需设计核实
C95: N4' | D95: Q355MD | E95: 1970 | F95: 440 | G95: 12 | H95: 5 | I95: 197.3 | J95: 24 | K95: =I95*J95 -> 4735.2
C96: N5 | D96: Q355MD | E96: 300 | F96: 300 | G96: 20 | H96: 2 | I96: =(E96/1000)*(F96/1000)*(G96/1000)*7850*H96 -> 28.26 | J96: 24 | K96: =I96*J96 -> 678.24
C97: N6 | D97: Q355MD | E97: 2001 | F97: 300 | G97: 20 | H97: 1 | I97: =(E97/1000)*(F97/1000)*(G97/1000)*7850*H97 -> 94.2471 | J97: 24 | K97: =I97*J97 -> 2261.9304
C98: N7 | D98: Q355MD | E98: 180 | F98: 140 | G98: 20 | H98: 4 | I98: =(E98/1000)*(F98/1000)*(G98/1000)*7850*H98 -> 15.8256 | J98: 24 | K98: =I98*J98 -> 379.8144
B99: 小计 | K99: =SUM(K90:K98) -> 47819.011
A100: 梁间横梁 | B100: XJZ2 | C100: N1 | D100: Q355MD | E100: 2000 | F100: 600 | G100: 16 | H100: 1 | I100: =(E100/1000)*(F100/1000)*(G100/1000)*7850 -> 150.72 | J100: 8 | K100: =I100*J100 -> 1205.76 | M100: =B100 -> XJZ2 | O100: =K104+K105 -> 1185.0596 | Q100: =K100+K106 -> 1376.4956 | R100: =K101+K102+K103 -> 7632.8728 | X100: =SUM(N100:W107) -> 10194.428 | Y100: =1205.8+4958.7+1418.2+1256+351.7+833.1+170.7 -> 10194.2 | Z100: =X100-Y100 -> 0.227968
C101: N2 | D101: Q355MD | E101: 1974 | F101: 2000 | G101: 20 | H101: 1 | I101: =(E101/1000)*(F101/1000)*(G101/1000)*7850 -> 619.836 | J101: 8 | K101: =I101*J101 -> 4958.688
...

Sheet 梁底挡块
A2: 梁板编号 | B2: 板件名称 | C2: 位置 | D2: 材质 | E2: 长 | F2: 宽 | G2: 厚 | H2: 数量 | I2: 单件重 | J2: 全桥数量 | K2: 合计重量 | L2: 备注 | M2: 梁板编号 | S2: 图纸数量 | T2: 差异 | U2: 备注
E3: mm | F3: mm | G3: mm | I3: kg | K3: kg | N3: 16 | O3: 20 | P3: 24 | Q3: 28 | R3: 合计
A4: 梁间横梁 | B4: XJHL1 | C4: N1 | D4: Q355MD | E4: 600 | F4: 700 | G4: 20 | H4: 1 | I4: =(E4/1000)*(F4/1000)*(G4/1000)*7850*H4 -> 65.94 | J4: 32 | K4: =I4*J4 -> 2110.08 | M4: =B4 -> XJHL1 | O4: =K6 -> 7639.68 | R4: =SUM(N4:Q6) -> 7639.68 | S4: 7638.4 | T4: =R4-S4 -> 1.28
C5: N2 | D5: Q355MD | G5: 20 | H5: 4 | I5: 172.8 | J5: 32 | K5: =I5*J5 -> 5529.6
B6: 小计 | K6: =SUM(K4:K5) -> 7639.68
A7: 名称 | D7: 材质 | E7: 单位 | F7: 复核数量 | G7: 图纸数量 | I7: 差异
A8: 合计 | D8: =D5 -> Q355MD | E8: kg | F8: =R4 -> 7639.68 | G8: =S4 -> 7638.4 | I8: =F8-G8 -> 1.28

Sheet 附属预埋件
A2: 梁板编号 | B2: 板件名称 | C2: 位置 | D2: 材质 | E2: 长 | F2: 宽 | G2: 厚 | H2: 数量 | I2: 单件重 | J2: 全桥数量 | K2: 合计重量 | L2: 备注 | M2: 梁板编号 | S2: 图纸数量 | T2: 差异 | U2: 备注
E3: mm | F3: mm | G3: mm | I3: kg | K3: kg | N3: 4 | O3: 12 | P3: 24 | Q3: 28 | R3: 合计
A4: 排水 | B4: XJHL1 | C4: 上层N1 | D4: Q355C | E4: 647 | F4: 280 | G4: 12 | H4: 1 | I4: 15.83 | J4: 200 | K4: =I4*J4 -> 3166 | M4: =B4 -> XJHL1 | N4: =K8 -> 668 | O4: =K4+K5+K6+K7 -> 7168 | R4: =SUM(N4:Q9) -> 7836 | S4: 7835.18 | T4: =R4-S4 -> 0.82
C5: 下层N1 | D5: Q355C | E5: 277 | F5: 280 | G5: 12 | H5: 1 | I5: 6.07 | J5: 200 | K5: =I5*J5 -> 1214
C6: 上层N2 | D6: Q355C | E6: 530 | F6: 150 | G6: 12 | H6: 1 | I6: 5.23 | J6: 400 | K6: =I6*J6 -> 2092
C7: 下层N2 | D7: Q355C | E7: 160 | F7: 150 | G7: 12 | H7: 1 | I7: 1.74 | J7: 400 | K7: =I7*J7 -> 696
C8: N3 | D8: Q355C | E8: 663 | F8: 80 | G8: 4 | H8: 1 | I8: 1.67 | J8: 400 | K8: =I8*J8 -> 668
B9: 小计 | K9: =SUM(K4:K8) -> 7836
A10: 名称 | D10: 材质 | E10: 单位 | F10: 复核数量 | G10: 图纸数量 | I10: 差异
A11: 合计 | D11: =D8 -> Q355C | E11: kg | F11: =R4 -> 7836 | G11: =S4 -> 7835.18 | I11: =F11-G11 -> 0.82
