Workbook

Sheet 合计数量
A2: 部位 | B2: 板厚 | C2: 单位 | D2: 图纸数量 | G2: 复核数量 | H2: 差异 | I2: 备注
D3: Q355 | E3: Q420 | F3: 合计
A4: 钢梁 | B4: 8 | C4: kg | D4: 1352.2 | E4: 0 | F4: =D4+E4 -> 1352.2 | G4: =主梁数量!N49+横隔板!N38+附属预埋件!N10 -> 1352.2 | H4: =G4-F4 -> 0
B5: 10 | C5: kg | D5: 40128 | E5: 0 | F5: =D5+E5 -> 40128 | G5: =主梁数量!O49+横隔板!O38+附属预埋件!O10 -> 39919.699 | H5: =G5-F5 -> -208.3008
B6: 12 | C6: kg | D6: 193459.1 | E6: 0 | F6: =D6+E6 -> 193459.1 | G6: =主梁数量!P49+横隔板!P38+附属预埋件!P10 -> 193416.51 | H6: =G6-F6 -> -42.59408
B7: 14 | C7: kg | D7: 847139 | E7: 2518.5 | F7: =D7+E7 -> 849657.5 | G7: =主梁数量!Q49+横隔板!Q38+附属预埋件!Q10 -> 849696.02 | H7: =G7-F7 -> 38.52376
B8: 16 | C8: kg | D8: 129234.4 | E8: 27946.9 | F8: =D8+E8 -> 157181.3 | G8: =主梁数量!R49+横隔板!R38+附属预埋件!R10 -> 157183.03 | H8: =G8-F8 -> 1.728
B9: 20 | C9: kg | D9: 879520.9 | E9: 0 | F9: =D9+E9 -> 879520.9 | G9: =主梁数量!S49+横隔板!S38+附属预埋件!S10 -> 879585.33 | H9: =G9-F9 -> 64.4328
B10: 24 | C10: kg | D10: 890863 | E10: 11198.7 | F10: =D10+E10 -> 902061.7 | G10: =主梁数量!T49+横隔板!T38+附属预埋件!T10 -> 902061.7 | H10: =G10-F10 -> 0
B11: 28 | C11: kg | D11: 105369.4 | E11: 12062.2 | F11: =D11+E11 -> 117431.6 | G11: =主梁数量!U49+横隔板!U38+附属预埋件!U10 -> 117431.6 | H11: =G11-F11 -> 0
B12: 32 | C12: kg | D12: 408675.6 | E12: 285997.4 | F12: =D12+E12 -> 694673 | G12: =主梁数量!V49+横隔板!V38+附属预埋件!V10 -> 694673 | H12: =G12-F12 -> 0
B13: 36 | C13: kg | D13: 531775 | E13: 12270.3 | F13: =D13+E13 -> 544045.3 | G13: =主梁数量!W49+横隔板!W38+附属预埋件!W10 -> 544045.3 | H13: =G13-F13 -> 0
B14: 40 | C14: kg | D14: 497184.5 | E14: 341284.8 | F14: =D14+E14 -> 838469.3 | G14: =主梁数量!X49+横隔板!X38+附属预埋件!X10 -> 838469.3 | H14: =G14-F14 -> 0
B15: 44 | C15: kg | D15: 150793.2 | E15: 256021.5 | F15: =D15+E15 -> 406814.7 | G15: =主梁数量!Y49+横隔板!Y38+附属预埋件!Y10 -> 406814.7 | H15: =G15-F15 -> 0
B16: 48 | C16: kg | D16: 33973.3 | E16: 249660.1 | F16: =D16+E16 -> 283633.4 | G16: =主梁数量!Z49+横隔板!Z38+附属预埋件!Z10 -> 283633.4 | H16: =G16-F16 -> 0
B17: 60 | C17: kg | D17: 0 | E17: 2458.8 | F17: =D17+E17 -> 2458.8 | G17: =主梁数量!AA49+横隔板!AA38+附属预埋件!AA10 -> 2458.8 | H17: =G17-F17 -> 0
B18: 80 | C18: kg | D18: 3052.1 | E18: 6989.7 | F18: =D18+E18 -> 10041.8 | G18: =主梁数量!AB49+横隔板!AB38+附属预埋件!AB10 -> 10041.8 | H18: =G18-F18 -> 0
B19: 100 | C19: kg | D19: 3815.1 | E19: 8737.1 | F19: =D19+E19 -> 12552.2 | G19: =主梁数量!AC49+横隔板!AC38+附属预埋件!AC10 -> 12552.2 | H19: =G19-F19 -> 0
B20: 焊缝 | C20: kg | D20: 68344.1 | E20: 16927.6 | F20: =D20+E20 -> 85271.7 | G20: =主梁数量!J46+横隔板!K35 -> 85271.7 | H20: =G20-F20 -> 0 | I20: 按1.5%计
A21: 其他钢板 | B21: — | C21: kg | D21: 66851 | F21: =D21+E21 -> 66851 | G21: =主梁数量!J47+横隔板!K36+附属预埋件!K6 -> 66851 | H21: =G21-F21 -> 0 | I21: Q355B 66338.2 + Q355C 28.4 + Q235B 484.4
A22: 梁底挡块 | B22: — | C22: kg | F22: =D22+E22 -> 0 | H22: =G22-F22 -> 0 | I22: 上层图册无梁底挡块数量，待设计核实
A23: 钢梁制造合计 | C23: kg | D23: =SUM(D4:D21) -> 4851529.9 | E23: =SUM(E4:E21) -> 1234073.6 | F23: =SUM(F4:F21) -> 6085603.5 | G23: =SUM(G4:G21) -> 6085457.3 | H23: =G23-F23 -> -146.21032
A24: 附属预埋 | B24: 护栏 | C24: kg | D24: 250569.2 | F24: =D24+E24 -> 250569.2 | G24: =附属预埋件!K4 -> 250569.2 | H24: =G24-F24 -> 0
A25: 附属预埋 | B25: 路灯 | C25: kg | D25: 314 | F25: =D25+E25 -> 314 | G25: =附属预埋件!K5 -> 314 | H25: =G25-F25 -> 0

Sheet 主梁数量
A2: 梁板编号 | B2: 板件名称 | C2: 位置 | D2: 材质 | E2: 长 | F2: 宽 | G2: 厚 | H2: 单件重 | I2: 数量 | J2: 合计重量 | K2: 备注 | L2: 梁板编号
E3: mm | F3: mm | G3: mm | H3: kg | J3: kg | N3: 8 | O3: 10 | P3: 12 | Q3: 14 | R3: 16 | S3: 20 | T3: 24 | U3: 28 | V3: 32 | W3: 36 | X3: 40 | Y3: 44 | Z3: 48 | AA3: 60 | AB3: 80 | AC3: 100 | AD3: 合计
A4: 新沙高架桥 | B4: 主桁 | C4: t=100 | D4: Q420D | G4: 100 | H4: 8737.1 | I4: 1 | J4: =H4*I4 -> 8737.1 | K4: 图纸工程数量表(页20)按材质/板厚汇总值；构件级尺寸待设计提供
A5: 新沙高架桥 | B5: 主桁 | C5: t=80 | D5: Q420D | G5: 80 | H5: 6989.7 | I5: 1 | J5: =H5*I5 -> 6989.7 | K5: 图纸工程数量表(页20)按材质/板厚汇总值；构件级尺寸待设计提供
A6: 新沙高架桥 | B6: 主桁 | C6: t=60 | D6: Q420D | G6: 60 | H6: 2458.8 | I6: 1 | J6: =H6*I6 -> 2458.8 | K6: 图纸工程数量表(页20)按材质/板厚汇总值；构件级尺寸待设计提供
A7: 新沙高架桥 | B7: 主桁 | C7: t=48 | D7: Q420D | G7: 48 | H7: 191337.7 | I7: 1 | J7: =H7*I7 -> 191337.7 | K7: 图纸工程数量表(页20)按材质/板厚汇总值；构件级尺寸待设计提供
A8: 新沙高架桥 | B8: 主桁(Z35) | C8: t=48 | D8: Q420D | G8: 48 | H8: 56689 | I8: 1 | J8: =H8*I8 -> 56689 | K8: Z向钢
A9: 新沙高架桥 | B9: 主桁 | C9: t=44 | D9: Q420D | G9: 44 | H9: 149564.2 | I9: 1 | J9: =H9*I9 -> 149564.2 | K9: 图纸工程数量表(页20)按材质/板厚汇总值；构件级尺寸待设计提供
A10: 新沙高架桥 | B10: 主桁(Z35) | C10: t=44 | D10: Q420D | G10: 44 | H10: 96292.7 | I10: 1 | J10: =H10*I10 -> 96292.7 | K10: Z向钢
A11: 新沙高架桥 | B11: 主桁 | C11: t=40 | D11: Q420D | G11: 40 | H11: 307680.3 | I11: 1 | J11: =H11*I11 -> 307680.3 | K11: 图纸工程数量表(页20)按材质/板厚汇总值；构件级尺寸待设计提供
A12: 新沙高架桥 | B12: 主桁 | C12: t=36 | D12: Q420D | G12: 36 | H12: 3283.8 | I12: 1 | J12: =H12*I12 -> 3283.8 | K12: 图纸工程数量表(页20)按材质/板厚汇总值；构件级尺寸待设计提供
A13: 新沙高架桥 | B13: 主桁 | C13: t=32 | D13: Q420D | G13: 32 | H13: 275007.2 | I13: 1 | J13: =H13*I13 -> 275007.2 | K13: 图纸工程数量表(页20)按材质/板厚汇总值；构件级尺寸待设计提供
A14: 新沙高架桥 | B14: 主桁 | C14: t=16 | D14: Q420D | G14: 16 | H14: 27946.9 | I14: 1 | J14: =H14*I14 -> 27946.9 | K14: 图纸工程数量表(页20)按材质/板厚汇总值；构件级尺寸待设计提供
A15: 新沙高架桥 | B15: 主桁 | C15: t=14 | D15: Q420D | G15: 14 | H15: 2518.5 | I15: 1 | J15: =H15*I15 -> 2518.5 | K15: 图纸工程数量表(页20)按材质/板厚汇总值；构件级尺寸待设计提供
... A45: 新沙高架桥 | B45: 主桁拼接 | C45: t=8 | D45: Q355D | G45: 8 | H45: 1352.2 | I45: 1 | J45: =H45*I45 -> 1352.2 | K45: 图纸工程数量表(页20)按材质/板厚汇总值；构件级尺寸待设计提供
A46: 新沙高架桥 | B46: 主桁焊缝重 | C46: 焊缝 | D46: Q355D+Q420D | H46: 55268.8 | I46: 1 | J46: =H46*I46 -> 55268.8 | K46: Q355D 38341.2 + Q420D 16927.6
A47: 新沙高架桥 | B47: 主桁其他板件 | C47: Q355B | D47: Q355B | H47: 824.7 | I47: 1 | J47: =H47*I47 -> 824.7 | K47: Q355B 311.1+513.6
B48: 小计 | J48: =SUM(J4:J47) -> 3986007.1
B49: 按厚度汇总 | N49: =SUMIF($G$4:$G$47,N$3,$J$4:$J$47) -> 1352.2 | O49: =SUMIF($G$4:$G$47,O$3,$J$4:$J$47) -> 0 | P49: =SUMIF($G$4:$G$47,P$3,$J$4:$J$47) -> 2006.1 | Q49: =SUMIF($G$4:$G$47,Q$3,$J$4:$J$47) -> 60020.3 | R49: =SUMIF($G$4:$G$47,R$3,$J$4:$J$47) -> 153690.7 | S49: =SUMIF($G$4:$G$47,S$3,$J$4:$J$47) -> 446645.7 | T49: =SUMIF($G$4:$G$47,T$3,$J$4:$J$47) -> 356078.5 | U49: =SUMIF($G$4:$G$47,U$3,$J$4:$J$47) -> 117431.6 | ... AC49: =SUMIF($G$4:$G$47,AC$3,$J$4:$J$47) -> 12552.2 | AD49: =SUM(N49:AC49) -> 3929913.6

Sheet 横隔板
A2: 梁板编号 | B2: 板件名称 | C2: 位置 | D2: 材质 | E2: 长 | F2: 宽 | G2: 厚 | H2: 数量 | I2: 单件重 | J2: 全桥数量 | K2: 合计重量 | L2: 备注 | M2: 面积A(m2)
E3: mm | F3: mm | G3: mm | I3: kg | K3: kg | N3: 8 | O3: 10 | P3: 12 | Q3: 14 | R3: 16 | S3: 20 | T3: 24 | U3: 28 | V3: 32 | W3: 36 | X3: 40 | Y3: 44 | Z3: 48 | AA3: 60 | AB3: 80 | AC3: 100 | AD3: 合计
A4: 新沙高架桥 | B4: 横梁顶板 | C4: T1 | D4: Q355D | E4: 17503 | F4: 600 | G4: 20 | H4: 1 | I4: =IF(M4="",(E4/1000)*(F4/1000)*(G4/1000)*7850,M4*(G4/1000)*7850) -> 1648.7826 | J4: 228 | K4: =I4*J4 -> 375922.43
A5: 新沙高架桥 | B5: 横梁腹板 | C5: T2 | D5: Q355D | E5: 17500 | F5: 1955 | G5: 14 | H5: 1 | I5: =IF(M5="",(E5/1000)*(F5/1000)*(G5/1000)*7850,M5*(G5/1000)*7850) -> 3407.999 | J5: 228 | K5: =I5*J5 -> 777023.77 | L5: A=31.01 | M5: 31.01
A6: 新沙高架桥 | B6: 横梁底板 | C6: T3 | D6: Q355D | E6: 17500 | F6: 700 | G6: 24 | H6: 1 | I6: =IF(M6="",(E6/1000)*(F6/1000)*(G6/1000)*7850,M6*(G6/1000)*7850) -> 2307.9 | J6: 228 | K6: =I6*J6 -> 526201.2
A7: 新沙高架桥 | B7: 横梁加劲板 | C7: T4 | D7: Q355D | E7: 1510 | F7: 150 | G7: 12 | H7: 1 | I7: =IF(M7="",(E7/1000)*(F7/1000)*(G7/1000)*7850,M7*(G7/1000)*7850) -> 19.782 | J7: 4560 | K7: =I7*J7 -> 90205.92 | L7: A=0.21 | M7: 0.21
A8: 新沙高架桥 | B8: 横梁加劲板 | C8: T4a | D8: Q355D | E8: 1632 | F8: 293 | G8: 12 | H8: 1 | I8: =IF(M8="",(E8/1000)*(F8/1000)*(G8/1000)*7850,M8*(G8/1000)*7850) -> 31.086 | J8: 456 | K8: =I8*J8 -> 14175.216 | L8: A=0.33 | M8: 0.33
A9: 新沙高架桥 | B9: 小纵梁顶板 | C9: T5 | D9: Q355D | E9: 2380 | F9: 600 | G9: 12 | H9: 1 | I9: =IF(M9="",(E9/1000)*(F9/1000)*(G9/1000)*7850,M9*(G9/1000)*7850) -> 134.706 | J9: 202 | K9: =I9*J9 -> 27210.612 | L9: A=1.43 | M9: 1.43
A10: 新沙高架桥 | B10: 小纵梁顶板 | C10: T5a | D10: Q355D | E10: 2180 | F10: 600 | G10: 12 | H10: 1 | I10: =IF(M10="",(E10/1000)*(F10/1000)*(G10/1000)*7850,M10*(G10/1000)*7850) -> 123.402 | J10: 20 | K10: =I10*J10 -> 2468.04 | L10: A=1.31 | M10: 1.31
A11: 新沙高架桥 | B11: 小纵梁顶板 | C11: T5b | D11: Q355D | E11: 1880 | F11: 600 | G11: 12 | H11: 1 | I11: =IF(M11="",(E11/1000)*(F11/1000)*(G11/1000)*7850,M11*(G11/1000)*7850) -> 106.446 | J11: 4 | K11: =I11*J11 -> 425.784 | L11: A=1.13 | M11: 1.13
A12: 新沙高架桥 | B12: 小纵梁顶板 | C12: T5c | D12: Q355D | E12: 1472 | F12: 600 | G12: 12 | H12: 1 | I12: =IF(M12="",(E12/1000)*(F12/1000)*(G12/1000)*7850,M12*(G12/1000)*7850) -> 82.896 | J12: 4 | K12: =I12*J12 -> 331.584 | L12: A=0.88 | M12: 0.88
A13: 新沙高架桥 | B13: 小纵梁腹板 | C13: T6 | D13: Q355D | E13: 2380 | F13: 500 | G13: 12 | H13: 1 | I13: =IF(M13="",(E13/1000)*(F13/1000)*(G13/1000)*7850,M13*(G13/1000)*7850) -> 112.098 | J13: 202 | K13: =I13*J13 -> 22643.796 | L13: A=1.19 | M13: 1.19
A14: 新沙高架桥 | B14: 小纵梁腹板 | C14: T6a | D14: Q355D | E14: 2180 | F14: 500 | G14: 12 | H14: 1 | I14: =IF(M14="",(E14/1000)*(F14/1000)*(G14/1000)*7850,M14*(G14/1000)*7850) -> 102.678 | J14: 20 | K14: =I14*J14 -> 2053.56 | L14: A=1.09 | M14: 1.09
A15: 新沙高架桥 | B15: 小纵梁腹板 | C15: T6b | D15: Q355D | E15: 1880 | F15: 500 | G15: 12 | H15: 1 | I15: =IF(M15="",(E15/1000)*(F15/1000)*(G15/1000)*7850,M15*(G15/1000)*7850) -> 88.548 | J15: 4 | K15: =I15*J15 -> 354.192 | L15: A=0.94 | M15: 0.94
A16: 新沙高架桥 | B16: 小纵梁腹板 | C16: T6c | D16: Q355D | E16: 1472 | F16: 500 | G16: 12 | H16: 1 | I16: =IF(M16="",(E16/1000)*(F16/1000)*(G16/1000)*7850,M16*(G16/1000)*7850) -> 69.708 | J16: 4 | K16: =I16*J16 -> 278.832 | L16: A=0.74 | M16: 0.74
A17: 新沙高架桥 | B17: 小纵梁底板 | C17: T7 | D17: Q355D | E17: 2380 | F17: 300 | G17: 12 | H17: 1 | I17: =IF(M17="",(E17/1000)*(F17/1000)*(G17/1000)*7850,M17*(G17/1000)*7850) -> 66.882 | J17: 202 | K17: =I17*J17 -> 13510.164 | L17: A=0.71 | M17: 0.71
A18: 新沙高架桥 | B18: 小纵梁底板 | C18: T7a | D18: Q355D | E18: 2180 | F18: 300 | G18: 12 | H18: 1 | I18: =IF(M18="",(E18/1000)*(F18/1000)*(G18/1000)*7850,M18*(G18/1000)*7850) -> 61.23 | J18: 20 | K18: =I18*J18 -> 1224.6 | L18: A=0.65 | M18: 0.65
... A23: 新沙高架桥 | B23: 端横梁腹板 | C23: T22' | D23: Q355D | E23: 17500 | F23: 1955 | G23: 20 | H23: 1 | I23: =IF(M23="",(E23/1000)*(F23/1000)*(G23/1000)*7850,M23*(G23/1000)*7850) -> 4797.92 | J23: 4 | K23: =I23*J23 -> 19191.68 | L23: A=30.56 | M23: 30.56
A24: 新沙高架桥 | B24: 端横梁底板 | C24: T23 | D24: Q355D | E24: 17500 | F24: 1500 | G24: 24 | H24: 1 | I24: =IF(M24="",(E24/1000)*(F24/1000)*(G24/1000)*7850,M24*(G24/1000)*7850) -> 4945.5 | J24: 4 | K24: =I24*J24 -> 19782
A25: 新沙高架桥 | B25: 端横梁加劲板 | C25: T24 | D25: Q355D | E25: 1510 | F25: 220 | G25: 16 | H25: 1 | I25: =IF(M25="",(E25/1000)*(F25/1000)*(G25/1000)*7850,M25*(G25/1000)*7850) -> 38.936 | J25: 48 | K25: =I25*J25 -> 1868.928 | L25: A=0.31 | M25: 0.31
A26: 新沙高架桥 | B26: 端横梁加劲板 | C26: T25 | D26: Q355D | E26: 1396 | F26: 1782 | G26: 12 | H26: 1 | I26: =IF(M26="",(E26/1000)*(F26/1000)*(G26/1000)*7850,M26*(G26/1000)*7850) -> 210.066 | J26: 20 | K26: =I26*J26 -> 4201.32 | L26: A=2.23 | M26: 2.23
A27: 新沙高架桥 | B27: 端横梁隔板加劲 | C27: T26 | D27: Q355D | E27: 2018 | F27: 160 | G27: 12 | H27: 1 | I27: =IF(M27="",(E27/1000)*(F27/1000)*(G27/1000)*7850,M27*(G27/1000)*7850) -> 30.415296 | J27: 20 | K27: =I27*J27 -> 608.30592 | L27: A=0.30
A28: 新沙高架桥 | B28: 小纵梁腹板接头 | C28: T27 | D28: Q355D | E28: 784 | F28: 292 | G28: 12 | H28: 1 | I28: =IF(M28="",(E28/1000)*(F28/1000)*(G28/1000)*7850,M28*(G28/1000)*7850) -> 18.84 | J28: 4 | K28: =I28*J28 -> 75.36 | L28: A=0.2 | M28: 0.2
A29: 新沙高架桥 | B29: 线缆孔加劲 | C29: T30 | D29: Q355D | E29: 1374 | F29: 300 | G29: 14 | H29: 1 | I29: =IF(M29="",(E29/1000)*(F29/1000)*(G29/1000)*7850,M29*(G29/1000)*7850) -> 45.30078 | J29: 236 | K29: =I29*J29 -> 10690.984 | L29: A=0.4
A30: 新沙高架桥 | B30: 小纵梁拼接板 | C30: T50 | D30: Q355D | E30: 400 | F30: 330 | G30: 12 | H30: 1 | I30: =IF(M30="",(E30/1000)*(F30/1000)*(G30/1000)*7850,M30*(G30/1000)*7850) -> 12.246 | J30: 920 | K30: =I30*J30 -> 11266.32 | L30: A=0.13 | M30: 0.13
A31: 新沙高架桥 | B31: 横梁拼接板 | C31: T60 | D31: Q355D | E31: 1840 | F31: 340 | G31: 10 | H31: 1 | I31: =IF(M31="",(E31/1000)*(F31/1000)*(G31/1000)*7850,M31*(G31/1000)*7850) -> 49.1096 | J31: 456 | K31: =I31*J31 -> 22393.978
A32: 新沙高架桥 | B32: 横梁拼接板 | C32: T61 | D32: Q355D | E32: 1440 | F32: 340 | G32: 10 | H32: 1 | I32: =IF(M32="",(E32/1000)*(F32/1000)*(G32/1000)*7850,M32*(G32/1000)*7850) -> 38.4336 | J32: 456 | K32: =I32*J32 -> 17525.722
A33: 新沙高架桥 | B33: 横梁拼接板 | C33: T62 | D33: Q355D | E33: 1840 | F33: 340 | G33: 14 | H33: 1 | I33: =IF(M33="",(E33/1000)*(F33/1000)*(G33/1000)*7850,M33*(G33/1000)*7850) -> 68.75344 | J33: 16 | K33: =I33*J33 -> 1100.055
A34: 新沙高架桥 | B34: 横梁拼接板 | C34: T63 | D34: Q355D | E34: 1440 | F34: 340 | G34: 14 | H34: 1 | I34: =IF(M34="",(E34/1000)*(F34/1000)*(G34/1000)*7850,M34*(G34/1000)*7850) -> 53.80704 | J34: 16 | K34: =I34*J34 -> 860.91264
A35: 新沙高架桥 | B35: 上层桥面系焊缝重 | C35: 焊缝 | D35: Q355D | H35: 1 | I35: 30002.9 | J35: 1 | K35: =I35*J35 -> 30002.9 | L35: 按1.5%计
A36: 新沙高架桥 | B36: 上层桥面系其他 | C36: — | D36: Q235B/Q355C | H36: 1 | I36: 512.8 | J36: 1 | K36: =I36*J36 -> 512.8 | L36: Q235B 484.4 + Q355C 28.4
B37: 小计 | K37: =SUM(K4:K36) -> 2030560.1
B38: 按厚度汇总 | N38: =SUMIF($G$4:$G$36,N$3,$K$4:$K$36) -> 0 | O38: =SUMIF($G$4:$G$36,O$3,$K$4:$K$36) -> 39919.699 | P38: =SUMIF($G$4:$G$36,P$3,$K$4:$K$36) -> 191410.41 | Q38: =SUMIF($G$4:$G$36,Q$3,$K$4:$K$36) -> 789675.72 | R38: =SUMIF($G$4:$G$36,R$3,$K$4:$K$36) -> 1868.928 | S38: =SUMIF($G$4:$G$36,S$3,$K$4:$K$36) -> 431186.43 | T38: =SUMIF($G$4:$G$36,T$3,$K$4:$K$36) -> 545983.2 | U38: =SUMIF($G$4:$G$36,U$3,$K$4:$K$36) -> 0 | ... AC38: =SUMIF($G$4:$G$36,AC$3,$K$4:$K$36) -> 0 | AD38: =SUM(N38:AC38) -> 2000044.4

Sheet 梁底挡块
A2: 梁板编号 | B2: 板件名称 | C2: 位置 | D2: 材质 | E2: 长 | F2: 宽 | G2: 厚 | H2: 数量 | I2: 单件重 | J2: 全桥数量 | K2: 合计重量 | L2: 备注
E3: mm | F3: mm | G3: mm | I3: kg | K3: kg
A4: 新沙高架桥 | B4: 梁底挡块 | C4: — | D4: 待设计核实 | L4: 本册为上层钢桁梁图册，梁底挡块数量见下部构造/支座相关图纸，待核实后补充

Sheet 附属预埋件
A2: 梁板编号 | B2: 板件名称 | C2: 位置 | D2: 材质 | E2: 长 | F2: 宽 | G2: 厚 | H2: 数量 | I2: 单件重 | J2: 全桥数量 | K2: 合计重量 | L2: 备注
E3: mm | F3: mm | G3: mm | I3: kg | K3: kg | N3: 8 | O3: 10 | P3: 12 | Q3: 14 | R3: 16 | S3: 20 | T3: 24 | U3: 28 | V3: 32 | W3: 36 | X3: 40 | Y3: 44 | Z3: 48 | AA3: 60 | AB3: 80 | AC3: 100 | AD3: 合计
A4: 新沙高架桥 | B4: 防撞护栏 | C4: SS级+SA级 | D4: Q355C | H4: 1 | I4: 250569.2 | J4: 1 | K4: =I4*J4 -> 250569.2 | L4: 页21 附属工程
A5: 新沙高架桥 | B5: 路灯底座预埋 | C5: LD | D5: Q355C | H5: 1 | I5: 314 | J5: 1 | K5: =I5*J5 -> 314 | L5: 页21 附属工程
A6: 新沙高架桥 | B6: 伸缩缝 | C6: D240/D320 | D6: Q355B | H6: 1 | I6: 65513.5 | J6: 1 | K6: =I6*J6 -> 65513.5 | L6: 页20 附属工程
A7: 新沙高架桥 | B7: 集中排水 | C7: PS-t20 | D7: Q355D | G7: 20 | H7: 1 | I7: 1753.2 | J7: 1 | K7: =I7*J7 -> 1753.2
A8: 新沙高架桥 | B8: 集中排水 | C8: PS-t16 | D8: Q355D | G8: 16 | H8: 1 | I8: 1623.4 | J8: 1 | K8: =I8*J8 -> 1623.4
B9: 小计 | K9: =SUM(K4:K8) -> 319773.3
B10: 按厚度汇总 | N10: =SUMIF($G$4:$G$8,N$3,$K$4:$K$8) -> 0 | O10: =SUMIF($G$4:$G$8,O$3,$K$4:$K$8) -> 0 | P10: =SUMIF($G$4:$G$8,P$3,$K$4:$K$8) -> 0 | Q10: =SUMIF($G$4:$G$8,Q$3,$K$4:$K$8) -> 0 | R10: =SUMIF($G$4:$G$8,R$3,$K$4:$K$8) -> 1623.4 | S10: =SUMIF($G$4:$G$8,S$3,$K$4:$K$8) -> 1753.2 | T10: =SUMIF($G$4:$G$8,T$3,$K$4:$K$8) -> 0 | U10: =SUMIF($G$4:$G$8,U$3,$K$4:$K$8) -> 0 | ... AC10: =SUMIF($G$4:$G$8,AC$3,$K$4:$K$8) -> 0 | AD10: =SUM(N10:AC10) -> 3376.6
