Workbook

Sheet 合计数量
A2: 部位 | B2: 板厚 | C2: 单位 | D2: 图纸数量 | G2: 复核数量 | H2: 差异 | I2: 备注
D3: Q355 | E3: Q420 | F3: 合计
A4: 钢梁 | B4: 10 | C4: kg | D4: 40128 | F4: =D4+E4 -> 40128 | G4: =横隔板!N139 -> 3432.9312 | H4: =G4-F4 -> -36695.069 | I4: 图纸数量=新沙高架桥《主桥上构工程数量表(一)》P21（Q355D δ10）
B5: 12 | C5: kg | D5: 193459.1 | F5: =D5+E5 -> 193459.1 | G5: =主梁数量!M432+横隔板!O139 -> 323303.31 | H5: =G5-F5 -> 129844.21 | I5: 图纸数量=新沙 P21（Q355D δ12）
B6: 14 | C6: kg | D6: 847139 | E6: 2518.5 | F6: =D6+E6 -> 849657.5 | G6: =主梁数量!N432+横隔板!P139 -> 650669.9 | H6: =G6-F6 -> -198987.6 | I6: 图纸数量=新沙 P21（Q355D δ14 + Q420D δ14）
B7: 16 | C7: kg | D7: 129234.4 | E7: 27946.9 | F7: =D7+E7 -> 157181.3 | G7: =主梁数量!O432+横隔板!Q139 -> 474025.51 | H7: =G7-F7 -> 316844.21 | I7: 图纸数量=新沙 P21（Q355D δ16 + Q420D δ16）
B8: 20 | C8: kg | D8: 879520.9 | F8: =D8+E8 -> 879520.9 | G8: =主梁数量!P432+横隔板!R139 -> 990076.35 | H8: =G8-F8 -> 110555.45 | I8: 图纸数量=新沙 P21（Q355D δ20）
B9: 24 | C9: kg | D9: 890863 | E9: 11198.7 | F9: =D9+E9 -> 902061.7 | G9: =主梁数量!Q432+横隔板!S139 -> 349743.23 | H9: =G9-F9 -> -552318.47 | I9: 图纸数量=新沙 P21（Q355D δ24 + Q420D δ24）
B10: 28 | C10: kg | D10: 105369.4 | E10: 12062.2 | F10: =D10+E10 -> 117431.6 | G10: =横隔板!T139 -> 23113.6 | H10: =G10-F10 -> -94318 | I10: 图纸数量=新沙 P21（Q355D δ28 + Q420D δ28）
B11: 30 | C11: kg | F11: =D11+E11 -> 0 | G11: =主梁数量!R432+横隔板!U139 -> 38584.32 | H11: =G11-F11 -> 38584.32 | I11: 新沙图纸无δ30板件，图纸数量缺（待设计核实）
B12: 40 | C12: kg | D12: 497184.5 | E12: 341284.8 | F12: =D12+E12 -> 838469.3 | G12: =主梁数量!S432+横隔板!V139 -> 118968.64 | H12: =G12-F12 -> -719500.66 | I12: 图纸数量=新沙 P21（Q355D δ40 含Z35 + Q420D δ40 含Z35）
B13: 50 | C13: kg | F13: =D13+E13 -> 0 | G13: =横隔板!W139 -> 6280 | H13: =G13-F13 -> 6280 | I13: 新沙图纸无δ50板件，图纸数量缺（待设计核实）
A14: 梁底挡块 | B14: 20 | C14: kg | F14: 7638.4 | G14: =梁底挡块!F8 -> 7639.68 | H14: =G14-F14 -> 1.28 | I14: 新沙图纸总表未单列梁底挡块（梁间横梁）数量，待设计核实
A15: 钢梁制造合计 | C15: kg | F15: =SUM(F4:F14) -> 3985547.8 | G15: =SUM(G4:G14) -> 2985837.5 | H15: =G15-F15 -> -999710.32 | I15: 本行仅覆盖模板档位（板厚10/12/14/16/20/24/28/40）共3977.9t；新沙另有δ8/δ32/δ36/δ44/δ48/δ60/δ80/δ100 及Q235B/Q355B/Q355C/焊缝重/螺栓共2107.7t，模板无对应档位行，未纳入；新沙主桥上构钢材合计6085.6t。复核数量G沿用模板（潭州）跨表引用，本次未取得新沙杆件明细（图纸无杆件明细表），差异H暂不可比。
A16: 附属预埋 | B16: 护栏 | C16: kg | F16: 588.9 | G16: 0 | H16: =G16-F16 -> -588.9 | I16: 属于伸缩缝出护栏挡板，与混凝土护栏浇筑标段有冲突，待确认；新沙：防撞护栏设计图P289~P308，数量未单列kg（P22 附属工程表以m/套/个计），待确认
B17: 排水 | C17: kg | F17: =7835.2 -> 7835.2 | G17: =附属预埋件!F11 -> 7836 | H17: =G17-F17 -> 0.8 | I17: 新沙排水为镀锌钢管（P289《全桥排水工程数量表》合计2885.008m），无kg数量，待确认

Sheet 主梁数量
A2: 梁板编号 | B2: 板件名称 | C2: 位置 | D2: 材质 | E2: 长 | F2: 宽 | G2: 厚 | H2: 单件重 | I2: 数量 | J2: 合计重量 | K2: 备注 | L2: 梁板编号 | M2: 复核数量 | U2: 图纸数量 | V2: 差异 | W2: 备注
E3: mm | F3: mm | G3: mm | H3: kg | J3: kg | M3: 12 | N3: 14 | O3: 16 | P3: 20 | Q3: 24 | R3: 30 | S3: 40 | T3: 合计
A4: 上层1# | B4: 顶板 | C4: T1a | D4: Q420MD | E4: 11318.5 | F4: 600 | G4: 20 | H4: =(E4/1000)*(F4/1000)*(G4/1000)*7850 -> 1066.2027 | I4: 2 | J4: =H4*I4 -> 2132.4054 | L4: =A4 -> 上层1# | M4: =SUMIF(G4:G31,$M$3,J4:J31) -> 1174.4323 | N4: =SUMIF(G4:G31,$N$3,J4:J31) -> 40598.087 | O4: =SUMIF(G4:G31,$O$3,J4:J31) -> 24020.364 | P4: =SUMIF(G4:G31,$P$3,J4:J31) -> 45936.228 | Q4: =SUMIF(G4:G31,$Q$3,J4:J31) -> 15162.432 | R4: =SUMIF(G4:G31,$R$3,J4:J31) -> 9043.2 | S4: =SUMIF(G4:G31,$S$3,J4:J31) -> 6933.12 | T4: =SUM(M4:S32) -> 142867.86 | U4: 142867.8 | V4: =T4-U4 -> 0.063177248
C5: T1a' | D5: Q420MD | E5: 12505.7 | F5: 600 | G5: 20 | H5: =(E5/1000)*(F5/1000)*(G5/1000)*7850 -> 1178.0369 | I5: 2 | J5: =H5*I5 -> 2356.0739
C6: T1b | D6: Q420MD | E6: 16000 | F6: 600 | G6: 30 | H6: =(E6/1000)*(F6/1000)*(G6/1000)*7850 -> 2260.8 | I6: 4 | J6: =H6*I6 -> 9043.2
C7: T1b' | D7: Q420MD | E7: 16000 | F7: 600 | G7: 24 | H7: =(E7/1000)*(F7/1000)*(G7/1000)*7850 -> 1808.64 | I7: 4 | J7: =H7*I7 -> 7234.56
C8: T1c | D8: Q420MD | E8: 3700 | F8: 600 | G8: 40 | H8: =(E8/1000)*(F8/1000)*(G8/1000)*7850 -> 697.08 | I8: 2 | J8: =H8*I8 -> 1394.16
C9: T1d | D9: Q420MD | E9: 7200 | F9: 800 | G9: 40 | H9: =(E9/1000)*(F9/1000)*(G9/1000)*7850 -> 1808.64 | I9: 2 | J9: =H9*I9 -> 3617.28
C10: T1e | D10: Q420MD | E10: 5100 | F10: 600 | G10: 40 | H10: =(E10/1000)*(F10/1000)*(G10/1000)*7850 -> 960.84 | I10: 2 | J10: =H10*I10 -> 1921.68
B11: 腹板 | C11: F1a | D11: Q420MD | E11: 11318.5 | F11: 2641.7 | G11: 16 | H11: =(E11/1000)*(F11/1000)*(G11/1000)*7850 -> 3755.4502 | I11: 1 | J11: =H11*I11 -> 3755.4502
C12: F1a' | D12: Q420MD | E12: 11318.5 | F12: 2718.2 | G12: 16 | H12: =(E12/1000)*(F12/1000)*(G12/1000)*7850 -> 3864.2029 | I12: 1 | J12: =H12*I12 -> 3864.2029
C13: F1a'' | D13: Q420MD | E13: 12505.7 | F13: 2641.7 | G13: 16 | H13: =(E13/1000)*(F13/1000)*(G13/1000)*7850 -> 4149.3602 | I13: 1 | J13: =H13*I13 -> 4149.3602
C14: F1a''' | D14: Q420MD | E14: 12505.7 | F14: 2718.2 | G14: 16 | H14: =(E14/1000)*(F14/1000)*(G14/1000)*7850 -> 4269.52 | I14: 1 | J14: =H14*I14 -> 4269.52
C15: F1b | D15: Q420MD | E15: 16000 | F15: 2631.7 | G15: 14 | H15: =(E15/1000)*(F15/1000)*(G15/1000)*7850 -> 4627.5813 | I15: 2 | J15: =H15*I15 -> 9255.1626
C16: F1b' | D16: Q420MD | E16: 16000 | F16: 2708.2 | G16: 14 | H16: =(E16/1000)*(F16/1000)*(G16/1000)*7850 -> 4762.0989 | I16: 2 | J16: =H16*I16 -> 9524.1978
C17: F1b'' | D17: Q420MD | E17: 16000 | F17: 2637.7 | G17: 14 | H17: =(E17/1000)*(F17/1000)*(G17/1000)*7850 -> 4638.1317 | I17: 2 | J17: =H17*I17 -> 9276.2634
C18: F1b''' | D18: Q420MD | E18: 16000 | F18: 2714.2 | G18: 14 | H18: =(E18/1000)*(F18/1000)*(G18/1000)*7850 -> 4772.6493 | I18: 2 | J18: =H18*I18 -> 9545.2986
C19: F1c | D19: Q420MD | E19: 16000 | F19: 2621.7 | G19: 20 | H19: =(E19/1000)*(F19/1000)*(G19/1000)*7850 -> 6585.7104 | I19: 1 | J19: =H19*I19 -> 6585.7104
C20: F1c' | D20: Q420MD | E20: 16000 | F20: 2698.2 | G20: 20 | H20: =(E20/1000)*(F20/1000)*(G20/1000)*7850 -> 6777.8784 | I20: 1 | J20: =H20*I20 -> 6777.8784
B21: 底板 | C21: B1a | D21: Q420MD | E21: 10568.5 | F21: 2630 | G21: 16 | H21: =(E21/1000)*(F21/1000)*(G21/1000)*7850 -> 3491.0715 | I21: 1 | J21: =H21*I21 -> 3491.0715
C22: B1a' | D22: Q420MD | E22: 11755.7 | F22: 2630 | G22: 16 | H22: =(E22/1000)*(F22/1000)*(G22/1000)*7850 -> 3883.2369 | I22: 1 | J22: =H22*I22 -> 3883.2369
C23: B1b | D23: Q420MD | E23: 16000 | F23: 2630 | G23: 20 | H23: =(E23/1000)*(F23/1000)*(G23/1000)*7850 -> 6606.56 | I23: 4 | J23: =H23*I23 -> 26426.24
C24: B1c | D24: Q420MD | E24: 16000 | F24: 2630 | G24: 24 | H24: =(E24/1000)*(F24/1000)*(G24/1000)*7850 -> 7927.872 | I24: 1 | J24: =H24*I24 -> 7927.872
B25: 腹板加劲 | C25: FL1a | D25: Q420MD | E25: 18549.9 | F25: 140 | G25: 12 | H25: =(E25/1000)*(F25/1000)*(G25/1000)*7850 -> 244.63608 | I25: 1 | J25: =H25*I25 -> 244.63608 | K25: 长度待设计核实
C26: FL1b | D26: Q420MD | E26: 70503.2 | F26: 140 | G26: 12 | H26: =(E26/1000)*(F26/1000)*(G26/1000)*7850 -> 929.7962 | I26: 1 | J26: =H26*I26 -> 929.7962 | K26: 长度待设计核实
C27: FL1c | D27: Q420MD | E27: 26872 | F27: 180 | G27: 16 | H27: =(E27/1000)*(F27/1000)*(G27/1000)*7850 -> 607.52218 | I27: 1 | J27: =H27*I27 -> 607.52218 | K27: 长度待设计核实
B28: 底板加劲 | C28: BL1a | D28: Q420MD | E28: 10018.5 | F28: 160 | G28: 14 | H28: =(E28/1000)*(F28/1000)*(G28/1000)*7850 -> 176.1653 | I28: 2 | J28: =H28*I28 -> 352.33061
C29: BL1a' | D29: Q420MD | E29: 11205.7 | F29: 160 | G29: 14 | H29: =(E29/1000)*(F29/1000)*(G29/1000)*7850 -> 197.04103 | I29: 2 | J29: =H29*I29 -> 394.08206
C30: BL1b | D30: Q420MD | E30: 16000 | F30: 160 | G30: 14 | H30: =(E30/1000)*(F30/1000)*(G30/1000)*7850 -> 281.344 | I30: 8 | J30: =H30*I30 -> 2250.752
C31: BL1c | D31: Q420MD | E31: 16000 | F31: 220 | G31: 20 | H31: =(E31/1000)*(F31/1000)*(G31/1000)*7850 -> 552.64 | I31: 3 | J31: =H31*I31 -> 1657.92
B32: 小计 | J32: =SUM(J4:J31) -> 142867.86
A33: 上层2# | B33: 顶板 | C33: T2a | D33: Q420MD | E33: 7074.1 | F33: 600 | G33: 20 | H33: =(E33/1000)*(F33/1000)*(G33/1000)*7850 -> 666.38022 | I33: 2 | J33: =H33*I33 -> 1332.7604 | L33: =A33 -> 上层2# | M33: =SUMIF(G33:G57,$M$3,J33:J57) -> 1188.5936 | N33: =SUMIF(G33:G57,$N$3,J33:J57) -> 40650.853 | O33: =SUMIF(G33:G57,$O$3,J33:J57) -> 24288.51 | P33: =SUMIF(G33:G57,$P$3,J33:J57) -> 45992.823 | Q33: =SUMIF(G33:G57,$Q$3,J33:J57) -> 22396.992 | R33: =SUMIF(G33:G57,$R$3,J33:J57) -> 0 | S33: =SUMIF(G33:G57,$S$3,J33:J57) -> 6933.12 | T33: =SUM(M33:S58) -> 141450.89 | U33: 141450.9 | V33: =T33-U33 -> -0.008425376
C34: T2a' | D34: Q420MD | E34: 17050.5 | F34: 600 | G34: 20 | H34: =(E34/1000)*(F34/1000)*(G34/1000)*7850 -> 1606.1571 | I34: 2 | J34: =H34*I34 -> 3212.3142
C35: T2b | D35: Q420MD | E35: 16000 | F35: 600 | G35: 24 | H35: =(E35/1000)*(F35/1000)*(G35/1000)*7850 -> 1808.64 | I35: 8 | J35: =H35*I35 -> 14469.12
C36: T2c | D36: Q420MD | E36: 3900 | F36: 600 | G36: 40 | H36: =(E36/1000)*(F36/1000)*(G36/1000)*7850 -> 734.76 | I36: 2 | J36: =H36*I36 -> 1469.52
C37: T2d | D37: Q420MD | E37: 7200 | F37: 800 | G37: 40 | H37: =(E37/1000)*(F37/1000)*(G37/1000)*7850 -> 1808.64 | I37: 2 | J37: =H37*I37 -> 3617.28
C38: T2e | D38: Q420MD | E38: 4900 | F38: 600 | G38: 40 | H38: =(E38/1000)*(F38/1000)*(G38/1000)*7850 -> 923.16 | I38: 2 | J38: =H38*I38 -> 1846.32
B39: 腹板 | C39: F2a | D39: Q420MD | E39: 7074.1 | F39: 2641.7 | G39: 16 | H39: =(E39/1000)*(F39/1000)*(G39/1000)*7850 -> 2347.1688 | I39: 1 | J39: =H39*I39 -> 2347.1688
C40: F2a' | D40: Q420MD | E40: 7074.1 | F40: 2718.2 | G40: 16 | H40: =(E40/1000)*(F40/1000)*(G40/1000)*7850 -> 2415.1396 | I40: 1 | J40: =H40*I40 -> 2415.1396
C41: F2a'' | D41: Q420MD | E41: 17050.5 | F41: 2641.7 | G41: 16 | H41: =(E41/1000)*(F41/1000)*(G41/1000)*7850 -> 5657.3136 | I41: 1 | J41: =H41*I41 -> 5657.3136
C42: F2a''' | D42: Q420MD | E42: 17050.5 | F42: 2718.2 | G42: 16 | H42: =(E42/1000)*(F42/1000)*(G42/1000)*7850 -> 5821.1416 | I42: 1 | J42: =H42*I42 -> 5821.1416
C43: F2b | D43: Q420MD | E43: 16000 | F43: 2637.7 | G43: 14 | H43: =(E43/1000)*(F43/1000)*(G43/1000)*7850 -> 4638.1317 | I43: 4 | J43: =H43*I43 -> 18552.527
C44: F2b' | D44: Q420MD | E44: 16000 | F44: 2714.2 | G44: 14 | H44: =(E44/1000)*(F44/1000)*(G44/1000)*7850 -> 4772.6493 | I44: 4 | J44: =H44*I44 -> 19090.597
C45: F2c | D45: Q420MD | E45: 16000 | F45: 2621.7 | G45: 20 | H45: =(E45/1000)*(F45/1000)*(G45/1000)*7850 -> 6585.7104 | I45: 1 | J45: =H45*I45 -> 6585.7104
C46: F2c' | D46: Q420MD | E46: 16000 | F46: 2698.2 | G46: 20 | H46: =(E46/1000)*(F46/1000)*(G46/1000)*7850 -> 6777.8784 | I46: 1 | J46: =H46*I46 -> 6777.8784
B47: 底板 | C47: B2a | D47: Q420MD | E47: 6324.1 | F47: 2630 | G47: 16 | H47: =(E47/1000)*(F47/1000)*(G47/1000)*7850 -> 2089.0273 | I47: 1 | J47: =H47*I47 -> 2089.0273
C48: B2a' | D48: Q420MD | E48: 16300.5 | F48: 2630 | G48: 16 | H48: =(E48/1000)*(F48/1000)*(G48/1000)*7850 -> 5384.5116 | I48: 1 | J48: =H48*I48 -> 5384.5116
C49: B2b | D49: Q420MD | E49: 16000 | F49: 2630 | G49: 20 | H49: =(E49/1000)*(F49/1000)*(G49/1000)*7850 -> 6606.56 | I49: 4 | J49: =H49*I49 -> 26426.24
C50: B2c | D50: Q420MD | E50: 16000 | F50: 2630 | G50: 24 | H50: =(E50/1000)*(F50/1000)*(G50/1000)*7850 -> 7927.872 | I50: 1 | J50: =H50*I50 -> 7927.872
B51: 腹板加劲 | C51: FL2a | D51: Q420MD | E51: 17578.5 | F51: 140 | G51: 12 | H51: =(E51/1000)*(F51/1000)*(G51/1000)*7850 -> 231.82526 | I51: 1 | J51: =H51*I51 -> 231.82526 | K51: 长度待设计核实
C52: FL2b | D52: Q420MD | E52: 72548.4 | F52: 140 | G52: 12 | H52: =(E52/1000)*(F52/1000)*(G52/1000)*7850 -> 956.7683 | I52: 1 | J52: =H52*I52 -> 956.7683 | K52: 长度待设计核实
C53: FL2c | D53: Q420MD | E53: 25398.4 | F53: 180 | G53: 16 | H53: =(E53/1000)*(F53/1000)*(G53/1000)*7850 -> 574.20703 | I53: 1 | J53: =H53*I53 -> 574.20703 | K53: 长度待设计核实
B54: 底板加劲 | C54: BL2a | D54: Q420MD | E54: 5774.1 | F54: 160 | G54: 14 | H54: =(E54/1000)*(F54/1000)*(G54/1000)*7850 -> 101.53177 | I54: 2 | J54: =H54*I54 -> 203.06355
C55: BL2a' | D55: Q420MD | E55: 15750.5 | F55: 160 | G55: 14 | H55: =(E55/1000)*(F55/1000)*(G55/1000)*7850 -> 276.95679 | I55: 2 | J55: =H55*I55 -> 553.91358
C56: BL2b | D56: Q420MD | E56: 16000 | F56: 160 | G56: 14 | H56: =(E56/1000)*(F56/1000)*(G56/1000)*7850 -> 281.344 | I56: 8 | J56: =H56*I56 -> 2250.752
C57: BL2c | D57: Q420MD | E57: 16000 | F57: 220 | G57: 20 | H57: =(E57/1000)*(F57/1000)*(G57/1000)*7850 -> 552.64 | I57: 3 | J57: =H57*I57 -> 1657.92
B58: 小计 | J58: =SUM(J33:J57) -> 141450.89
A59: 上层3# | B59: 顶板 | C59: T3a | D59: Q420MD | E59: 18037.9 | F59: 600 | G59: 20 | H59: =(E59/1000)*(F59/1000)*(G59/1000)*7850 -> 1699.1702 | I59: 2 | J59: =H59*I59 -> 3398.3404 | L59: =A59 -> 上层3# | M59: =SUMIF(G59:G83,$M$3,J59:J83) -> 1152.6655 | N59: =SUMIF(G59:G83,$N$3,J59:J83) -> 40661.417 | O59: =SUMIF(G59:G83,$O$3,J59:J83) -> 24660.363 | P59: =SUMIF(G59:G83,$P$3,J59:J83) -> 46049.419 | Q59: =SUMIF(G59:G83,$Q$3,J59:J83) -> 22396.992 | R59: =SUMIF(G59:G83,$R$3,J59:J83) -> 0 | S59: =SUMIF(G59:G83,$S$3,J59:J83) -> 6933.12 | T59: =SUM(M59:S84) -> 141853.98 | U59: 141854 | V59: =T59-U59 -> -0.0235532
C60: T3a' | D60: Q420MD | E60: 6387.1 | F60: 600 | G60: 20 | H60: =(E60/1000)*(F60/1000)*(G60/1000)*7850 -> 601.66482 | I60: 2 | J60: =H60*I60 -> 1203.3296
C61: T3b | D61: Q420MD | E61: 16000 | F61: 600 | G61: 24 | H61: =(E61/1000)*(F61/1000)*(G61/1000)*7850 -> 1808.64 | I61: 8 | J61: =H61*I61 -> 14469.12
C62: T3c | D62: Q420MD | E62: 4900 | F62: 600 | G62: 40 | H62: =(E62/1000)*(F62/1000)*(G62/1000)*7850 -> 923.16 | I62: 2 | J62: =H62*I62 -> 1846.32
C63: T3d | D63: Q420MD | E63: 7200 | F63: 800 | G63: 40 | H63: =(E63/1000)*(F63/1000)*(G63/1000)*7850 -> 1808.64 | I63: 2 | J63: =H63*I63 -> 3617.28
C64: T3e | D64: Q420MD | E64: 3900 | F64: 600 | G64: 40 | H64: =(E64/1000)*(F64/1000)*(G64/1000)*7850 -> 734.76 | I64: 2 | J64: =H64*I64 -> 1469.52
B65: 腹板 | C65: F3a | D65: Q420MD | E65: 18037.9 | F65: 2641.7 | G65: 16 | H65: =(E65/1000)*(F65/1000)*(G65/1000)*7850 -> 5984.9305 | I65: 1 | J65: =H65*I65 -> 5984.9305
C66: F3a' | D66: Q420MD | E66: 18037.9 | F66: 2718.2 | G66: 16 | H66: =(E66/1000)*(F66/1000)*(G66/1000)*7850 -> 6158.2458 | I66: 1 | J66: =H66*I66 -> 6158.2458
C67: F3a'' | D67: Q420MD | E67: 6387.1 | F67: 2641.7 | G67: 16 | H67: =(E67/1000)*(F67/1000)*(G67/1000)*7850 -> 2119.2239 | I67: 1 | J67: =H67*I67 -> 2119.2239
C68: F3a''' | D68: Q420MD | E68: 6387.1 | F68: 2718.2 | G68: 16 | H68: =(E68/1000)*(F68/1000)*(G68/1000)*7850 -> 2180.5938 | I68: 1 | J68: =H68*I68 -> 2180.5938
C69: F3b | D69: Q420MD | E69: 16000 | F69: 2637.7 | G69: 14 | H69: =(E69/1000)*(F69/1000)*(G69/1000)*7850 -> 4638.1317 | I69: 4 | J69: =H69*I69 -> 18552.527
C70: F3b' | D70: Q420MD | E70: 16000 | F70: 2714.2 | G70: 14 | H70: =(E70/1000)*(F70/1000)*(G70/1000)*7850 -> 4772.6493 | I70: 4 | J70: =H70*I70 -> 19090.597
C71: F3c | D71: Q420MD | E71: 16000 | F71: 2621.7 | G71: 20 | H71: =(E71/1000)*(F71/1000)*(G71/1000)*7850 -> 6585.7104 | I71: 1 | J71: =H71*I71 -> 6585.7104
C72: F3c' | D72: Q420MD | E72: 16000 | F72: 2698.2 | G72: 20 | H72: =(E72/1000)*(F72/1000)*(G72/1000)*7850 -> 6777.8784 | I72: 1 | J72: =H72*I72 -> 6777.8784
B73: 底板 | C73: B3a | D73: Q420MD | E73: 17287.9 | F73: 2630 | G73: 16 | H73: =(E73/1000)*(F73/1000)*(G73/1000)*7850 -> 5710.6774 | I73: 1 | J73: =H73*I73 -> 5710.6774
C74: B3a' | D74: Q420MD | E74: 5637.1 | F74: 2630 | G74: 16 | H74: =(E74/1000)*(F74/1000)*(G74/1000)*7850 -> 1862.092 | I74: 1 | J74: =H74*I74 -> 1862.092
C75: B3b | D75: Q420MD | E75: 16000 | F75: 2630 | G75: 20 | H75: =(E75/1000)*(F75/1000)*(G75/1000)*7850 -> 6606.56 | I75: 4 | J75: =H75*I75 -> 26426.24
C76: B3c | D76: Q420MD | E76: 16000 | F76: 2630 | G76: 24 | H76: =(E76/1000)*(F76/1000)*(G76/1000)*7850 -> 7927.872 | I76: 1 | J76: =H76*I76 -> 7927.872
B77: 腹板加劲 | C77: FL3a | D77: Q420MD | E77: 18938 | F77: 140 | G77: 12 | H77: =(E77/1000)*(F77/1000)*(G77/1000)*7850 -> 249.75434 | I77: 1 | J77: =H77*I77 -> 249.75434 | K77: 长度待设计核实
C78: FL3b | D78: Q420MD | E78: 68464.6 | F78: 140 | G78: 12 | H78: =(E78/1000)*(F78/1000)*(G78/1000)*7850 -> 902.91114 | I78: 1 | J78: =H78*I78 -> 902.91114 | K78: 长度待设计核实
C79: FL3c | D79: Q420MD | E79: 28512 | F79: 180 | G79: 16 | H79: =(E79/1000)*(F79/1000)*(G79/1000)*7850 -> 644.5993 | I79: 1 | J79: =H79*I79 -> 644.5993 | K79: 长度待设计核实
B80: 底板加劲 | C80: BL3a | D80: Q420MD | E80: 16737.9 | F80: 160 | G80: 14 | H80: =(E80/1000)*(F80/1000)*(G80/1000)*7850 -> 294.31923 | I80: 2 | J80: =H80*I80 -> 588.63847
C81: BL3a' | D81: Q420MD | E81: 5087.1 | F81: 160 | G81: 14 | H81: =(E81/1000)*(F81/1000)*(G81/1000)*7850 -> 89.451566 | I81: 2 | J81: =H81*I81 -> 178.90313
C82: BL3b | D82: Q420MD | E82: 16000 | F82: 160 | G82: 14 | H82: =(E82/1000)*(F82/1000)*(G82/1000)*7850 -> 281.344 | I82: 8 | J82: =H82*I82 -> 2250.752
C83: BL3c | D83: Q420MD | E83: 16000 | F83: 220 | G83: 20 | H83: =(E83/1000)*(F83/1000)*(G83/1000)*7850 -> 552.64 | I83: 3 | J83: =H83*I83 -> 1657.92
B84: 小计 | J84: =SUM(J59:J83) -> 141853.98
A85: 上层4# | B85: 顶板 | C85: T4a | D85: Q420MD | E85: 13809.7 | F85: 600 | G85: 20 | H85: =(E85/1000)*(F85/1000)*(G85/1000)*7850 -> 1300.8737 | I85: 2 | J85: =H85*I85 -> 2601.7475 | L85: =A85 -> 上层4# | M85: =SUMIF(G85:G109,$M$3,J85:J109) -> 1188.2916 | N85: =SUMIF(G85:G109,$N$3,J85:J109) -> 40671.982 | O85: =SUMIF(G85:G109,$O$3,J85:J109) -> 24927.627 | P85: =SUMIF(G85:G109,$P$3,J85:J109) -> 46106.014 | Q85: =SUMIF(G85:G109,$Q$3,J85:J109) -> 22396.992 | R85: =SUMIF(G85:G109,$R$3,J85:J109) -> 0 | S85: =SUMIF(G85:G109,$S$3,J85:J109) -> 6933.12 | T85: =SUM(M85:S110) -> 142224.03 | U85: 142224 | V85: =T85-U85 -> 0.026320976
C86: T4a' | D86: Q420MD | E86: 10915.7 | F86: 600 | G86: 20 | H86: =(E86/1000)*(F86/1000)*(G86/1000)*7850 -> 1028.2589 | I86: 2 | J86: =H86*I86 -> 2056.5179
C87: T4b | D87: Q420MD | E87: 16000 | F87: 600 | G87: 24 | H87: =(E87/1000)*(F87/1000)*(G87/1000)*7850 -> 1808.64 | I87: 8 | J87: =H87*I87 -> 14469.12
C88: T4c | D88: Q420MD | E88: 5100 | F88: 600 | G88: 40 | H88: =(E88/1000)*(F88/1000)*(G88/1000)*7850 -> 960.84 | I88: 2 | J88: =H88*I88 -> 1921.68
C89: T4d | D89: Q420MD | E89: 7200 | F89: 800 | G89: 40 | H89: =(E89/1000)*(F89/1000)*(G89/1000)*7850 -> 1808.64 | I89: 2 | J89: =H89*I89 -> 3617.28
C90: T4e | D90: Q420MD | E90: 3700 | F90: 600 | G90: 40 | H90: =(E90/1000)*(F90/1000)*(G90/1000)*7850 -> 697.08 | I90: 2 | J90: =H90*I90 -> 1394.16
B91: 腹板 | C91: F4a | D91: Q420MD | E91: 13809.7 | F91: 2641.7 | G91: 16 | H91: =(E91/1000)*(F91/1000)*(G91/1000)*7850 -> 4582.0242 | I91: 1 | J91: =H91*I91 -> 4582.0242
C92: F4a' | D92: Q420MD | E92: 13809.7 | F92: 2718.2 | G92: 16 | H92: =(E92/1000)*(F92/1000)*(G92/1000)*7850 -> 4714.7133 | I92: 1 | J92: =H92*I92 -> 4714.7133
C93: F4a'' | D93: Q420MD | E93: 10915.7 | F93: 2641.7 | G93: 16 | H93: =(E93/1000)*(F93/1000)*(G93/1000)*7850 -> 3621.8022 | I93: 1 | J93: =H93*I93 -> 3621.8022
C94: F4a''' | D94: Q420MD | E94: 10915.7 | F94: 2718.2 | G94: 16 | H94: =(E94/1000)*(F94/1000)*(G94/1000)*7850 -> 3726.6846 | I94: 1 | J94: =H94*I94 -> 3726.6846
C95: F4b | D95: Q420MD | E95: 16000 | F95: 2637.7 | G95: 14 | H95: =(E95/1000)*(F95/1000)*(G95/1000)*7850 -> 4638.1317 | I95: 4 | J95: =H95*I95 -> 18552.527
C96: F4b' | D96: Q420MD | E96: 16000 | F96: 2714.2 | G96: 14 | H96: =(E96/1000)*(F96/1000)*(G96/1000)*7850 -> 4772.6493 | I96: 4 | J96: =H96*I96 -> 19090.597
C97: F4c | D97: Q420MD | E97: 16000 | F97: 2621.7 | G97: 20 | H97: =(E97/1000)*(F97/1000)*(G97/1000)*7850 -> 6585.7104 | I97: 1 | J97: =H97*I97 -> 6585.7104
C98: F4c' | D98: Q420MD | E98: 16000 | F98: 2698.2 | G98: 20 | H98: =(E98/1000)*(F98/1000)*(G98/1000)*7850 -> 6777.8784 | I98: 1 | J98: =H98*I98 -> 6777.8784
B99: 底板 | C99: B4a | D99: Q420MD | E99: 13059.7 | F99: 2630 | G99: 16 | H99: =(E99/1000)*(F99/1000)*(G99/1000)*7850 -> 4313.9846 | I99: 1 | J99: =H99*I99 -> 4313.9846
C100: B4a' | D100: Q420MD | E100: 10165.7 | F100: 2630 | G100: 16 | H100: =(E100/1000)*(F100/1000)*(G100/1000)*7850 -> 3358.0153 | I100: 1 | J100: =H100*I100 -> 3358.0153
C101: B4b | D101: Q420MD | E101: 16000 | F101: 2630 | G101: 20 | H101: =(E101/1000)*(F101/1000)*(G101/1000)*7850 -> 6606.56 | I101: 4 | J101: =H101*I101 -> 26426.24
...

Sheet 横隔板
A2: 梁板编号 | B2: 板件名称 | C2: 位置 | D2: 材质 | E2: 长 | F2: 宽 | G2: 厚 | H2: 数量 | I2: 单件重 | J2: 全桥数量 | K2: 合计重量 | L2: 备注 | M2: 梁板编号 | O2: 复核数量 | Y2: 图纸数量 | Z2: 差异 | AA2: 备注
E3: mm | F3: mm | G3: mm | I3: kg | K3: kg | N3: 10 | O3: 12 | P3: 14 | Q3: 16 | R3: 20 | S3: 24 | T3: 28 | U3: 30 | V3: 40 | W3: 50 | X3: 合计
A4: 横隔板 | B4: Z1边支点横隔板 | C4: N1 | D4: Q355MD | E4: 1951 | F4: 1790 | G4: 20 | H4: 1 | I4: =(E4/1000)*(F4/1000)*(G4/1000)*7850*H4 -> 548.28953 | J4: 32 | K4: =I4*J4 -> 17545.265 | M4: =B4 -> Z1边支点横隔板 | O4: =SUMIF(G4:G22,$O$3,K4:K22) -> 646.4 | P4: =SUMIF(G4:G22,$P$3,K4:K22) -> 0 | Q4: =SUMIF(G4:G22,$Q$3,K4:K22) -> 0 | R4: =SUMIF(G4:G22,$R$3,K4:K22) -> 131616.82 | S4: =SUMIF(G4:G22,$S$3,K4:K22) -> 0 | U4: =SUMIF(G4:G22,$U$3,K4:K22) -> 2411.52 | V4: =SUMIF(G4:G22,$V$3,K4:K22) -> 6430.72 | X4: =SUM(O4:V23) -> 141105.46 | Y4: 141101.8 | Z4: =X4-Y4 -> 3.66464
C5: N2 | D5: Q355MD | E5: 2718 | F5: 2550 | G5: 20 | H5: 1 | I5: 1033.76 | J5: 32 | K5: =I5*J5 -> 33080.32
C6: N3 | D6: Q355MD | E6: 2653 | F6: 470 | G6: 20 | H6: 1 | I6: 132.31 | J6: 32 | K6: =I6*J6 -> 4233.92
C7: N3' | D7: Q355MD | E7: 2653 | F7: 440 | G7: 20 | H7: 1 | I7: 119.56 | J7: 32 | K7: =I7*J7 -> 3825.92
C8: N3a | D8: Q355MD | E8: 2671 | F8: 470 | G8: 20 | H8: 1 | I8: 132.98 | J8: 32 | K8: =I8*J8 -> 4255.36
C9: N3a' | D9: Q355MD | E9: 2671 | F9: 440 | G9: 20 | H9: 1 | I9: 120.24 | J9: 32 | K9: =I9*J9 -> 3847.68
C10: N3b | D10: Q355MD | E10: 2689 | F10: 470 | G10: 20 | H10: 1 | I10: 133.66 | J10: 32 | K10: =I10*J10 -> 4277.12
C11: N3b' | D11: Q355MD | E11: 2689 | F11: 440 | G11: 20 | H11: 1 | I11: 120.91 | J11: 32 | K11: =I11*J11 -> 3869.12
C12: N3c | D12: Q355MD | E12: 2707 | F12: 470 | G12: 20 | H12: 1 | I12: 134.34 | J12: 32 | K12: =I12*J12 -> 4298.88
C13: N3c' | D13: Q355MD | E13: 2707 | F13: 440 | G13: 20 | H13: 1 | I13: 121.59 | J13: 32 | K13: =I13*J13 -> 3890.88
C14: N3d | D14: Q355MD | E14: 1150 | F14: 470 | G14: 20 | H14: 1 | I14: 75.68 | J14: 32 | K14: =I14*J14 -> 2421.76
C15: N3d' | D15: Q355MD | E15: 1150 | F15: 440 | G15: 20 | H15: 1 | I15: 62.32 | J15: 32 | K15: =I15*J15 -> 1994.24
C16: N4 | D16: Q355MD | E16: 776 | F16: 160 | G16: 20 | H16: 2 | I16: =(E16/1000)*(F16/1000)*(G16/1000)*7850*H16 -> 38.98624 | J16: 32 | K16: =I16*J16 -> 1247.5597
C17: N5 | D17: Q355MD | E17: 500 | F17: 240 | G17: 20 | H17: 2 | I17: 33.7 | J17: 32 | K17: =I17*J17 -> 1078.4
C18: N6 | D18: Q355MD | E18: 400 | F18: 400 | G18: 30 | H18: 2 | I18: =(E18/1000)*(F18/1000)*(G18/1000)*7850*H18 -> 75.36 | J18: 32 | K18: =I18*J18 -> 2411.52
C19: N7 | D19: Q355MD | E19: 800 | F19: 800 | G19: 40 | H19: 1 | I19: =(E19/1000)*(F19/1000)*(G19/1000)*7850*H19 -> 200.96 | J19: 32 | K19: =I19*J19 -> 6430.72
C20: N8 | D20: Q355MD | E20: 840 | F20: 540 | G20: 12 | H20: 2 | I20: 20.2 | J20: 32 | K20: =I20*J20 -> 646.4 | L20: 数量有误需设计核实
C21: N9 | D21: Q355MD | E21: 2718 | F21: 2550 | G21: 20 | H21: 1 | I21: 1033.8 | J21: 32 | K21: =I21*J21 -> 33081.6
C22: N10 | D22: Q355MD | E22: 740 | F22: 785 | G22: 20 | H22: 1 | I22: 270.9 | J22: 32 | K22: =I22*J22 -> 8668.8
B23: 小计 | K23: =SUM(K4:K22) -> 141105.46
A24: 横隔板 | B24: T1上层挑梁 | C24: N1T | D24: Q355MD | E24: 1109 | F24: 575 | G24: 20 | H24: 1 | I24: 65.3 | J24: 4 | K24: =I24*J24 -> 261.2 | M24: =B24 -> T1上层挑梁 | N24: =K26 -> 109.2 | Q24: =K27+K28 -> 234 | R24: =K24+K25 -> 1188.4 | X24: =SUM(N24:V24) -> 1531.6 | Y24: 1532.1 | Z24: =X24-Y24 -> -0.5
C25: N2T | D25: Q355MD | E25: 1790 | F25: 825 | G25: 20 | H25: 1 | I25: 231.8 | J25: 4 | K25: =I25*J25 -> 927.2
C26: N3T | D26: Q355MD | E26: 1161 | F26: 300 | G26: 10 | H26: 1 | I26: 27.3 | J26: 4 | K26: =I26*J26 -> 109.2
C27: N4T | D27: Q355MD | E27: 1234 | F27: 160 | G27: 16 | H27: 2 | I27: 49.6 | J27: 4 | K27: =I27*J27 -> 198.4
C28: N4Ta | D28: Q355MD | E28: 444 | F28: 160 | G28: 16 | H28: 1 | I28: 8.9 | J28: 4 | K28: =I28*J28 -> 35.6 | L28: 数量有误需设计核实
B29: 小计 | K29: =SUM(K24:K28) -> 1531.6
A30: 横隔板 | B30: T2上层挑梁 | C30: N1 | D30: Q355MD | E30: 1109 | F30: 575 | G30: 20 | H30: 1 | I30: 59.4 | J30: 4 | K30: =I30*J30 -> 237.6 | M30: =B30 -> T2上层挑梁 | N30: =K32 -> 100.8 | Q30: =K33+K34 -> 234 | R30: =K30+K31 -> 1052.4 | X30: =SUM(N30:V30) -> 1387.2 | Y30: 1387.5 | Z30: =X30-Y30 -> -0.3
C31: N2 | D31: Q355MD | E31: 1790 | F31: 725 | G31: 20 | H31: 1 | I31: 203.7 | J31: 4 | K31: =I31*J31 -> 814.8
C32: N3 | D32: Q355MD | E32: 1071 | F32: 300 | G32: 10 | H32: 1 | I32: 25.2 | J32: 4 | K32: =I32*J32 -> 100.8
C33: N4 | D33: Q355MD | E33: 1234 | F33: 160 | G33: 16 | H33: 2 | I33: 49.6 | J33: 4 | K33: =I33*J33 -> 198.4
C34: N4a | D34: Q355MD | E34: 444 | F34: 160 | G34: 16 | H34: 1 | I34: 8.9 | J34: 4 | K34: =I34*J34 -> 35.6 | L34: 数量有误需设计核实
B35: 小计 | K35: =SUM(K30:K34) -> 1387.2
A36: 横隔板 | B36: T3下层挑梁 | C36: N1' | D36: Q355MD | E36: 634 | F36: 575 | G36: 20 | H36: 1 | I36: 37.2 | J36: 8 | K36: =I36*J36 -> 297.6 | M36: =B36 -> T3下层挑梁 | N36: =K38 -> 139.2 | Q36: =K39+K40 -> 269.6 | R36: =K36+K37 -> 1084.8 | X36: =SUM(N36:V36) -> 1493.6 | Y36: 1492.9 | Z36: =X36-Y36 -> 0.7
C37: N2' | D37: Q355MD | E37: 1790 | F37: 350 | G37: 20 | H37: 1 | I37: 98.4 | J37: 8 | K37: =I37*J37 -> 787.2
C38: N3' | D38: Q355MD | E38: 738 | F38: 300 | G38: 10 | H38: 1 | I38: 17.4 | J38: 8 | K38: =I38*J38 -> 139.2
C39: N4' | D39: Q355MD | E39: 1234 | F39: 160 | G39: 16 | H39: 1 | I39: 24.8 | J39: 8 | K39: =I39*J39 -> 198.4
C40: N4a' | D40: Q355MD | E40: 444 | F40: 160 | G40: 16 | H40: 1 | I40: 8.9 | J40: 8 | K40: =I40*J40 -> 71.2
B41: 小计 | K41: =SUM(K36:K40) -> 1493.6
A42: 横隔板 | B42: Z2支点横梁 | C42: N1 | D42: Q355MD | E42: 1759 | F42: 600 | G42: 20 | H42: 1 | I42: =165.7*H42 -> 165.7 | J42: 16 | K42: =I42*J42 -> 2651.2 | M42: =B42 -> Z2支点横梁 | O42: =K50 -> 321.6 | R42: =K42+K48 -> 3742.4 | S42: =K44+K45+K46+K47+K49 -> 20329.6 | T42: =K43 -> 23113.6 | V42: =K51 -> 1608 | W42: =K52 -> 6280 | X42: =SUM(N42:W53) -> 55395.2 | Y42: =56228.4-831 -> 55397.4 | Z42: =X42-Y42 -> -2.2
C43: N2 | D43: Q355MD | G43: 28 | H43: 1 | I43: 1444.6 | J43: 16 | K43: =I43*J43 -> 23113.6
C44: N3 | D44: Q355MD | G44: 24 | H44: 2 | I44: 297.7 | J44: 16 | K44: =I44*J44 -> 4763.2
C45: N3a | D45: Q355MD | G45: 24 | H45: 2 | I45: 298.8 | J45: 16 | K45: =I45*J45 -> 4780.8
C46: N3b | D46: Q355MD | G46: 24 | H46: 2 | I46: 301.4 | J46: 16 | K46: =I46*J46 -> 4822.4
C47: N3c | D47: Q355MD | G47: 24 | H47: 2 | I47: 302.6 | J47: 16 | K47: =I47*J47 -> 4841.6
C48: N4 | D48: Q355MD | E48: 776 | F48: 280 | G48: 20 | H48: 2 | I48: 68.2 | J48: 16 | K48: =I48*J48 -> 1091.2
C49: N5 | D49: Q355MD | G49: 24 | H49: 2 | I49: 70.1 | J49: 16 | K49: =I49*J49 -> 1121.6
C50: N6 | D50: Q355MD | E50: 2139 | F50: 50 | G50: 12 | H50: 2 | I50: 20.1 | J50: 16 | K50: =I50*J50 -> 321.6
C51: N7 | D51: Q355MD | E51: 400 | F51: 400 | G51: 40 | H51: 2 | I51: 100.5 | J51: 16 | K51: =I51*J51 -> 1608
C52: N8 | D52: Q355MD | E52: 1000 | F52: 1000 | G52: 50 | H52: 1 | I52: 392.5 | J52: 16 | K52: =I52*J52 -> 6280
B53: 小计 | K53: =SUM(K42:K52) -> 55395.2
A54: 横隔板 | B54: HG1 | C54: N1 | D54: Q355MD | E54: 1650 | F54: 300 | G54: 12 | H54: 1 | I54: 46.6 | J54: 64 | K54: =I54*J54 -> 2982.4 | M54: =B54 -> HG1 | O54: =K57 -> 39052.8 | X54: =SUM(N54:W57) -> 39052.8 | Y54: =2984.3+34160.9+1905.7 -> 39050.9 | Z54: =X54-Y54 -> 1.9
C55: N2 | D55: Q355MD | G55: 12 | H55: 1 | I55: 533.8 | J55: 64 | K55: =I55*J55 -> 34163.2
C56: N3 | D56: Q355MD | E56: 3161 | F56: 100 | G56: 12 | H56: 1 | I56: 29.8 | J56: 64 | K56: =I56*J56 -> 1907.2
B57: 小计 | K57: =SUM(K54:K56) -> 39052.8
A58: 横隔板 | B58: HG2 | C58: N1 | D58: Q355MD | E58: 1650 | F58: 300 | G58: 12 | H58: 1 | I58: 46.6 | J58: 200 | K58: =I58*J58 -> 9320 | M58: =B58 -> HG2 | O58: =K61 -> 122000 | X58: =SUM(N58:W61) -> 122000 | Y58: =9325.8+106715+5955.3 -> 121996.1 | Z58: =X58-Y58 -> 3.9
C59: N2 | D59: Q355MD | G59: 12 | H59: 1 | I59: 533.6 | J59: 200 | K59: =I59*J59 -> 106720
C60: N3 | D60: Q355MD | E60: 3161 | F60: 100 | G60: 12 | H60: 1 | I60: 29.8 | J60: 200 | K60: =I60*J60 -> 5960
B61: 小计 | K61: =SUM(K58:K60) -> 122000
A62: 横隔板 | B62: HG3 | C62: N1 | D62: Q355MD | E62: 1650 | F62: 300 | G62: 12 | H62: 1 | I62: 46.6 | J62: 32 | K62: =I62*J62 -> 1491.2 | M62: =B62 -> HG3 | O62: =K65 -> 19494.4 | X62: =SUM(N62:W65) -> 19494.4 | Y62: =1492.1+17050.3+952.9 -> 19495.3 | Z62: =X62-Y62 -> -0.9
C63: N2 | D63: Q355MD | G63: 12 | H63: 1 | I63: 532.8 | J63: 32 | K63: =I63*J63 -> 17049.6
C64: N3 | D64: Q355MD | E64: 3161 | F64: 100 | G64: 12 | H64: 1 | I64: 29.8 | J64: 32 | K64: =I64*J64 -> 953.6
B65: 小计 | K65: =SUM(K62:K64) -> 19494.4
A66: 横隔板 | B66: HG5 | C66: N1 | D66: Q355MD | E66: 1650 | F66: 300 | G66: 20 | H66: 1 | I66: 77.7 | J66: 24 | K66: =I66*J66 -> 1864.8 | M66: =B66 -> HG5 | O66: =K68 -> 715.2 | Q66: =K67 -> 17018.4 | R66: =K66 -> 1864.8 | X66: =SUM(N66:W69) -> 19598.4 | Y66: =1865.2+17017.7+714.6 -> 19597.5 | Z66: =X66-Y66 -> 0.9
C67: N2 | D67: Q355MD | G67: 16 | H67: 1 | I67: 709.1 | J67: 24 | K67: =I67*J67 -> 17018.4
C68: N3 | D68: Q355MD | E68: 3161 | F68: 100 | G68: 12 | H68: 1 | I68: 29.8 | J68: 24 | K68: =I68*J68 -> 715.2
B69: 小计 | K69: =SUM(K66:K68) -> 19598.4
A70: 横隔板 | B70: HG4 | C70: N1 | D70: Q355MD | E70: 1950 | F70: 300 | G70: 20 | H70: 1 | I70: 91.8 | J70: 24 | K70: =I70*J70 -> 2203.2 | M70: =B70 -> HG4 | O70: =K72 -> 715.2 | Q70: =K71 -> 18465.6 | R70: =K70 -> 2203.2 | X70: =SUM(N70:W73) -> 21384 | Y70: =2204.3+18466.5+714.6 -> 21385.4 | Z70: =X70-Y70 -> -1.4
C71: N2 | D71: Q355MD | G71: 16 | H71: 1 | I71: 769.4 | J71: 24 | K71: =I71*J71 -> 18465.6
C72: N3 | D72: Q355MD | E72: 3161 | F72: 100 | G72: 12 | H72: 1 | I72: 29.8 | J72: 24 | K72: =I72*J72 -> 715.2
B73: 小计 | K73: =SUM(K70:K72) -> 21384
A74: 横隔板 | B74: HG6 | C74: N1 | D74: Q355MD | E74: 1950 | F74: 300 | G74: 20 | H74: 1 | I74: 91.8 | J74: 24 | K74: =I74*J74 -> 2203.2 | M74: =B74 -> HG6 | O74: =K76 -> 715.2 | Q74: =K75 -> 18372 | R74: =K74 -> 2203.2 | X74: =SUM(N74:W77) -> 21290.4 | Y74: =2204.3+18372.3+714.6 -> 21291.2 | Z74: =X74-Y74 -> -0.8
C75: N2 | D75: Q355MD | G75: 16 | H75: 1 | I75: 765.5 | J75: 24 | K75: =I75*J75 -> 18372
C76: N3 | D76: Q355MD | E76: 3161 | F76: 100 | G76: 12 | H76: 1 | I76: 29.8 | J76: 24 | K76: =I76*J76 -> 715.2
B77: 小计 | K77: =SUM(K74:K76) -> 21290.4
A78: 横肋 | B78: L1横肋 | C78: N1 | D78: Q355MD | E78: 2642 | F78: 160 | G78: 12 | H78: 1 | I78: =(E78/1000)*(F78/1000)*(G78/1000)*7850 -> 39.820224 | J78: 144 | K78: =I78*J78 -> 5734.1123 | L78: 需设计核实 | M78: =B78 -> L1横肋 | O78: =K78+K79 -> 11635.343 | X78: =SUM(N78:W80) -> 11635.343 | Y78: =5734.1+5901.2 -> 11635.3 | Z78: =X78-Y78 -> 0.042848
C79: N2 | D79: Q355MD | E79: 2719 | F79: 160 | G79: 12 | H79: 1 | I79: =(E79/1000)*(F79/1000)*(G79/1000)*7850 -> 40.980768 | J79: 144 | K79: =I79*J79 -> 5901.2306 | L79: 需设计核实
B80: 小计 | K80: =SUM(K78:K79) -> 11635.343
A81: 横肋 | B81: L2横肋 | C81: N1 | D81: Q355MD | E81: 2638 | F81: 160 | G81: 12 | H81: 1 | I81: =(E81/1000)*(F81/1000)*(G81/1000)*7850 -> 39.759936 | J81: 336 | K81: =I81*J81 -> 13359.338 | M81: =B81 -> L2横肋 | O81: =K81+K82 -> 27108.62 | X81: =SUM(N81:W83) -> 27108.62 | Y81: =13359.3+13749.3 -> 27108.6 | Z81: =X81-Y81 -> 0.019776
C82: N2 | D82: Q355MD | E82: 2715 | F82: 160 | G82: 12 | H82: 1 | I82: =(E82/1000)*(F82/1000)*(G82/1000)*7850 -> 40.92048 | J82: 336 | K82: =I82*J82 -> 13749.281
B83: 小计 | K83: =SUM(K81:K82) -> 27108.62
A84: 横肋 | B84: L3横肋 | C84: N1 | D84: Q355MD | E84: 2632 | F84: 160 | G84: 12 | H84: 1 | I84: =(E84/1000)*(F84/1000)*(G84/1000)*7850 -> 39.669504 | J84: 48 | K84: =I84*J84 -> 1904.1362 | M84: =B84 -> L3横肋 | O84: =K84+K85 -> 3863.9785 | X84: =SUM(N84:W86) -> 3863.9785 | Y84: =1904.1+1959.8 -> 3863.9 | Z84: =X84-Y84 -> 0.078496
C85: N2 | D85: Q355MD | E85: 2709 | F85: 160 | G85: 12 | H85: 1 | I85: =(E85/1000)*(F85/1000)*(G85/1000)*7850 -> 40.830048 | J85: 48 | K85: =I85*J85 -> 1959.8423
B86: 小计 | K86: =SUM(K84:K85) -> 3863.9785
A87: 横肋 | B87: U肋 | C87: N1 | D87: Q355MD | G87: 20 | H87: 1 | I87: 314 | J87: 112 | K87: =I87*J87 -> 35168 | M87: =B87 -> U肋 | R87: =K87+K88 -> 37172.8 | X87: =SUM(N87:W89) -> 37172.8 | Y87: =35163.5+2008 -> 37171.5 | Z87: =X87-Y87 -> 1.3
C88: N2 | D88: Q355MD | G88: 20 | H88: 1 | I88: 17.9 | J88: 112 | K88: =I88*J88 -> 2004.8 | L88: 单件重量和数量有误需核实
B89: 小计 | K89: =SUM(K87:K88) -> 37172.8
A90: 梁间横梁 | B90: XJZ1 | C90: N1 | D90: Q355MD | E90: 1790 | F90: 2001 | G90: 16 | H90: 1 | I90: =(E90/1000)*(F90/1000)*(G90/1000)*7850 -> 449.87282 | J90: 24 | K90: =I90*J90 -> 10796.948 | M90: =B90 -> XJZ1 | O90: =K94+K95 -> 14608.8 | Q90: =K90 -> 10796.948 | R90: =K91+K92+K93+K96+K97+K98 -> 22413.263 | X90: =SUM(N90:W99) -> 47819.011 | Y90: 47820.1 | Z90: =X90-Y90 -> -1.089184
C91: N2 | D91: Q355MD | E91: 1974 | F91: 285 | G91: 20 | H91: 1 | I91: =(E91/1000)*(F91/1000)*(G91/1000)*7850 -> 88.32663 | J91: 24 | K91: =I91*J91 -> 2119.8391
C92: N2' | D92: Q355MD | E92: 1974 | F92: 285 | G92: 20 | H92: 1 | I92: =(E92/1000)*(F92/1000)*(G92/1000)*7850 -> 88.32663 | J92: 24 | K92: =I92*J92 -> 2119.8391
C93: N3 | D93: Q355MD | E93: 1974 | F93: 2001 | G93: 20 | H93: 1 | I93: 618.9 | J93: 24 | K93: =I93*J93 -> 14853.6
C94: N4 | D94: Q355MD | E94: 1970 | F94: 1230 | G94: 12 | H94: 5 | I94: 411.4 | J94: 24 | K94: =I94*J94 -> 9873.6 | L94: 需设计核实
C95: N4' | D95: Q355MD | E95: 1970 | F95: 440 | G95: 12 | H95: 5 | I95: 197.3 | J95: 24 | K95: =I95*J95 -> 4735.2
C96: N5 | D96: Q355MD | E96: 300 | F96: 300 | G96: 20 | H96: 2 | I96: =(E96/1000)*(F96/1000)*(G96/1000)*7850*H96 -> 28.26 | J96: 24 | K96: =I96*J96 -> 678.24
C97: N6 | D97: Q355MD | E97: 2001 | F97: 300 | G97: 20 | H97: 1 | I97: =(E97/1000)*(F97/1000)*(G97/1000)*7850*H97 -> 94.2471 | J97: 24 | K97: =I97*J97 -> 2261.9304
C98: N7 | D98: Q355MD | E98: 180 | F98: 140 | G98: 20 | H98: 4 | I98: =(E98/1000)*(F98/1000)*(G98/1000)*7850*H98 -> 15.8256 | J98: 24 | K98: =I98*J98 -> 379.8144
B99: 小计 | K99: =SUM(K90:K98) -> 47819.011
A100: 梁间横梁 | B100: XJZ2 | C100: N1 | D100: Q355MD | E100: 2000 | F100: 600 | G100: 16 | H100: 1 | I100: =(E100/1000)*(F100/1000)*(G100/1000)*7850 -> 150.72 | J100: 8 | K100: =I100*J100 -> 1205.76 | M100: =B100 -> XJZ2 | O100: =K104+K105 -> 1185.0596 | Q100: =K100+K106 -> 1376.4956 | R100: =K101+K102+K103 -> 7632.8728 | X100: =SUM(N100:W107) -> 10194.428 | Y100: =1205.8+4958.7+1418.2+1256+351.7+833.1+170.7 -> 10194.2 | Z100: =X100-Y100 -> 0.227968
C101: N2 | D101: Q355MD | E101: 1974 | F101: 2000 | G101: 20 | H101: 1 | I101: =(E101/1000)*(F101/1000)*(G101/1000)*7850 -> 619.836 | J101: 8 | K101: =I101*J101 -> 4958.688
...

Sheet 梁底挡块
A2: 梁板编号 | B2: 板件名称 | C2: 位置 | D2: 材质 | E2: 长 | F2: 宽 | G2: 厚 | H2: 数量 | I2: 单件重 | J2: 全桥数量 | K2: 合计重量 | L2: 备注 | M2: 梁板编号 | S2: 图纸数量 | T2: 差异 | U2: 备注
E3: mm | F3: mm | G3: mm | I3: kg | K3: kg | N3: 16 | O3: 20 | P3: 24 | Q3: 28 | R3: 合计
A4: 梁间横梁 | B4: XJHL1 | C4: N1 | D4: Q355MD | E4: 600 | F4: 700 | G4: 20 | H4: 1 | I4: =(E4/1000)*(F4/1000)*(G4/1000)*7850*H4 -> 65.94 | J4: 32 | K4: =I4*J4 -> 2110.08 | M4: =B4 -> XJHL1 | O4: =K6 -> 7639.68 | R4: =SUM(N4:Q6) -> 7639.68 | S4: 7638.4 | T4: =R4-S4 -> 1.28
C5: N2 | D5: Q355MD | G5: 20 | H5: 4 | I5: 172.8 | J5: 32 | K5: =I5*J5 -> 5529.6
B6: 小计 | K6: =SUM(K4:K5) -> 7639.68
A7: 名称 | D7: 材质 | E7: 单位 | F7: 复核数量 | G7: 图纸数量 | I7: 差异
A8: 合计 | D8: =D5 -> Q355MD | E8: kg | F8: =R4 -> 7639.68 | G8: =S4 -> 7638.4 | I8: 新沙图纸总表未单列梁间横梁（梁底挡块）数量，图纸数量S4为模板值，待设计核实。

Sheet 附属预埋件
A2: 梁板编号 | B2: 板件名称 | C2: 位置 | D2: 材质 | E2: 长 | F2: 宽 | G2: 厚 | H2: 数量 | I2: 单件重 | J2: 全桥数量 | K2: 合计重量 | L2: 备注 | M2: 梁板编号 | S2: 图纸数量 | T2: 差异 | U2: 备注
E3: mm | F3: mm | G3: mm | I3: kg | K3: kg | N3: 4 | O3: 12 | P3: 24 | Q3: 28 | R3: 合计
A4: 排水 | B4: XJHL1 | C4: 上层N1 | D4: Q355C | E4: 647 | F4: 280 | G4: 12 | H4: 1 | I4: 15.83 | J4: 200 | K4: =I4*J4 -> 3166 | M4: =B4 -> XJHL1 | N4: =K8 -> 668 | O4: =K4+K5+K6+K7 -> 7168 | R4: =SUM(N4:Q9) -> 7836 | S4: 7835.18 | T4: =R4-S4 -> 0.82
C5: 下层N1 | D5: Q355C | E5: 277 | F5: 280 | G5: 12 | H5: 1 | I5: 6.07 | J5: 200 | K5: =I5*J5 -> 1214
C6: 上层N2 | D6: Q355C | E6: 530 | F6: 150 | G6: 12 | H6: 1 | I6: 5.23 | J6: 400 | K6: =I6*J6 -> 2092
C7: 下层N2 | D7: Q355C | E7: 160 | F7: 150 | G7: 12 | H7: 1 | I7: 1.74 | J7: 400 | K7: =I7*J7 -> 696
C8: N3 | D8: Q355C | E8: 663 | F8: 80 | G8: 4 | H8: 1 | I8: 1.67 | J8: 400 | K8: =I8*J8 -> 668
B9: 小计 | K9: =SUM(K4:K8) -> 7836
A10: 名称 | D10: 材质 | E10: 单位 | F10: 复核数量 | G10: 图纸数量 | I10: 差异
A11: 合计 | D11: =D8 -> Q355C | E11: kg | F11: =R4 -> 7836 | G11: =S4 -> 7835.18 | I11: 新沙排水/预埋件为镀锌钢管等（P289/P22），非Q355C板件，图纸数量S4为模板值，待设计核实。
